"region","food_item","energy","carbohydrates_available","protein","fat","fibre","phytate","ca","cu","fe","i","mg","se","zn"
"E","Apples","Apples, raw, with skin_d","Apples, raw, with skin_d","Apples, raw, with skin_d","Apples, raw, with skin_d","Apples, raw, with skin_d","Apples, raw, with skin_d","Apples, raw, with skin_d","Apples, raw, with skin_d","Apples, raw, with skin_d","Apples, eating, average, raw_g","Apples, raw, with skin_d","Apples, raw, with skin_e","Apples, raw, with skin_d"
"E","Aquatic Animals, Others","Fish, fresh_d","Fish, fresh_d","Fish, fresh_d","Fish, fresh_d","Fish, fresh_d","Fish, fresh_d","Fish, fresh_d","Fish, fresh_d","Fish, fresh_d","Mackerel, spanish, raw_f","Fish, fresh_d","Matemba (fresh)_c","Fish, fresh_d"
"E","Aquatic Plants","Seaweed, agar, raw_e","Seaweed, agar, raw_e","Seaweed, agar, raw_e","Seaweed, agar, raw_e","Seaweed, agar, raw_e","x_x","Seaweed, agar, raw_e","Seaweed, agar, raw_e","Seaweed, agar, raw_e","Seaweed, nori, dried, raw_g","Seaweed, agar, raw_e","Seaweed, agar, raw_e","Seaweed, agar, raw_e"
"E","Bananas","Banana, ripe_d","Banana, ripe_d","Banana, ripe_d","Banana, ripe_d","Banana, ripe_d","Banana, ripe_d","Banana, ripe_d","Banana, ripe_d","Banana, ripe_d","Banana, fruit, raw_f","Banana, ripe_d","Banana_c","Banana, ripe_d"
"E","Barley","Barley, pearled, cooked_l","Barley, pearled, cooked_l","Barley, pearled, cooked_l","Barley, pearled, cooked_l","Barley, pearled, cooked_l","Barley, white flour: roasted, milled_m","Barley, pearled, cooked_l","Barley, pearled, cooked_l","Barley, white flour: roasted, milled_m","Wheat flour, white_f","Barley, pearled, cooked_l","Barley, pearled, raw_e","Barley, white flour: roasted, milled_m"
"E","Beans","Beans, kidney, mature seeds, raw_d","Beans, kidney, mature seeds, raw_d","Beans, kidney, mature seeds, raw_d","Beans, kidney, mature seeds, raw_d","Beans, kidney, mature seeds, raw_d","Beans, kidney, mature seeds, raw_d","Beans, kidney, mature seeds, raw_d","Beans, kidney, mature seeds, raw_d","Beans, kidney, mature seeds, raw_d","Bean, raw_f","Beans, kidney, mature seeds, raw_d","Bengal beans_c","Beans, kidney, mature seeds, raw_d"
"E","Beer","Beer, commercial_d","Beer, commercial_d","Beer, commercial_d","Beer, commercial_d","Beer, commercial_d","Beer, commercial_d","Beer, commercial_d","Beer, commercial_d","Beer, commercial_d","Beer europe (4.4% alcohol)_f","Beer, commercial_d","Beer europe (4.4% alcohol)_f","Beer, commercial_d"
"E","Beverages, Alcoholic","spirits (gin, rum, vodka, whiskey)_i","spirits (gin, rum, vodka, whiskey)_i","spirits (gin, rum, vodka, whiskey)_i","spirits (gin, rum, vodka, whiskey)_i","Spirit, Brandy/ Gin/ Whisky/ Cane/ Vodka/ Rum (alc 43% v/v; 36% w/w)_l","x_x","spirits (gin, rum, vodka, whiskey)_i","Liqueur (alc 30% v/v; 22% w/w)_l","spirits (gin, rum, vodka, whiskey)_i","Spirits, 40% volume_g","spirits (gin, rum, vodka, whiskey)_i","Alcoholic beverage, distilled, all (gin, rum, vodka, whiskey) 80 proof_e","spirits (gin, rum, vodka, whiskey)_i"
"E","Beverages, Fermented","Beer, local, grain_d","Beer, local, grain_d","Beer, local, grain_d","Beer, local, grain_d","Beer, local, grain_d","Beer, local, grain_d","Beer, local, grain_d","Beer, local, grain_d","Beer, local, grain_d","Fermented maize flour_o","Beer, local, grain_d","Sorghum porridge_c","Beer, local, grain_d"
"E","Bovine Meat","Beef, medium fat, cooked_d","Beef, medium fat, cooked_d","Beef, medium fat, cooked_d","Beef, medium fat, cooked_d","Beef, medium fat, cooked_d","Beef, medium fat, cooked_d","Beef, medium fat, cooked_d","Beef, medium fat, cooked_d","Beef, medium fat, cooked_d","Beef, meat, approx. 20%fat, raw_f","Beef, medium fat, cooked_d","Beef, meat, approx. 20%fat, raw_f","Beef, medium fat, cooked_d"
"E","Butter, Ghee","Butter refined-ghee_d","Butter refined-ghee_d","Butter refined-ghee_d","Butter refined-ghee_d","Butter refined-ghee_d","Butter refined-ghee_d","Butter refined-ghee_d","Butter refined-ghee_d","Butter refined-ghee_d","Ghee, palm_g","Butter refined-ghee_d","Ghee, butter_g","Butter refined-ghee_d"
"E","Cassava","Cassava, raw_d","Cassava, raw_d","Cassava, raw_d","Cassava, raw_d","Cassava, raw_d","Cassava, raw_d","Cassava, raw_d","Cassava, raw_d","Cassava, raw_d","Cassava, Dar es Salaam_n","Cassava, raw_d","Cassava, raw_f","Cassava, raw_d"
"E","Cephalopods","Mollusks, squid, mixed species, raw_e","Mollusks, squid, mixed species, raw_e","Mollusks, squid, mixed species, raw_e","Mollusks, squid, mixed species, raw_e","Mollusks, squid, mixed species, raw_e","Shellfish, boiled_j","Mollusks, squid, mixed species, raw_e","Mollusks, squid, mixed species, raw_e","squid, raw_i","Squid, raw_g","Mollusks, squid, mixed species, raw_e","Mollusks, squid, mixed species, raw_e","squid, raw_i"
"E","Cereals, Other","Wheat, flour, whole grain_d","Wheat, flour, whole grain_d","Wheat, flour, whole grain_d","Wheat, flour, whole grain_d","Wheat, flour, whole grain_d","Wheat, flour, whole grain_d","Wheat, flour, whole grain_d","Wheat, flour, whole grain_d","Wheat, flour, whole grain_d","Wheat flour, white_f","Wheat, flour, whole grain_d","Wheat flour, white_f","Wheat, flour, whole grain_d"
"E","Citrus, Other","Orange, raw_d","Orange, raw_d","Orange, raw_d","Orange, raw_d","Orange, raw_d","Orange, raw_d","Orange, raw_d","Orange, raw (peeled)_l","Orange, raw_d","Orange, raw_f","Orange, raw_d","Orange, raw_f","Orange, raw_d"
"E","Cloves","Spices, cloves, ground_e","Spices, cloves, ground_e","Spices, cloves, ground_e","Spices, cloves, ground_e","Spices, cloves, ground_e","x_x","Spices, cloves, ground_e","Spices, cloves, ground_e","Spices, cloves, ground_e","x_x","Spices, cloves, ground_e","Spices, cloves, ground_e","Spices, cloves, ground_e"
"E","Cocoa Beans","Cocoa powder_l","Cocoa powder_l","Cocoa powder_l","Cocoa powder_l","Cocoa powder_l","x_x","Cocoa powder_l","Cocoa powder_l","Cocoa powder_l","x_x","Cocoa powder_l","Spices, cloves, ground_e","Cocoa powder_l"
"E","Coconut Oil","Coconut oil_d","Coconut oil_d","Coconut oil_d","Coconut oil_d","Coconut oil_d","Coconut oil_d","Coconut oil_d","Coconut oil_d","Coconut oil_d","Coconut oil_f","Coconut oil_d","Coconut oil_f","Coconut oil_d"
"E","Coconuts - Incl Copra","Coconut meat, raw_d","Coconut meat, raw_d","Coconut meat, raw_d","Coconut meat, raw_d","Coconut meat, raw_d","Coconut meat, raw_d","Coconut meat, raw_d","Coconut meat, raw_d","Coconut meat, raw_d","Coconut, raw_f","Coconut meat, raw_d","Coconut, raw_e","Coconut meat, raw_d"
"E","Coffee","Coffee, brewed/ instant_l","Coffee, brewed/ instant_l","Coffee, brewed/ instant_l","Coffee, brewed/ instant_l","Coffee, brewed/ instant_l","Coffee without milk, with sugar,_d","Coffee, brewed/ instant_l","Coffee, brewed/ instant_l","Coffee, brewed/ instant_l","Coffee, infusion, strong_g","Coffee, brewed/ instant_l","Coffee, brewed from grounds, prepared with tap water_e","Coffee, brewed/ instant_l"
"E","Cottonseed Oil","Cottonseed oil_l","Cottonseed oil_l","Cottonseed oil_l","Cottonseed oil_l","Cottonseed oil_l","Vegetable oil_d","Vegetable oil_d","Vegetable oil_d","Vegetable oil_d","Cottonseed oil_g","Vegetable oil_d","Cottonseed oil_g","Vegetable oil_d"
"E","Cream","Cream, fresh, dessert (min 20% fat)_l","Cream, fresh, dessert (min 20% fat)_l","Cream, fresh, dessert (min 20% fat)_l","Cream, fresh, dessert (min 20% fat)_l","Cream, fresh, dessert (min 20% fat)_l","Ice cream_d","Cream, fresh, dessert (min 20% fat)_l","Cream, fresh, dessert (min 20% fat)_l","Cream, fresh, dessert (min 20% fat)_l","Cream, fresh, double, including Jersey cream_g","Cream, fresh, dessert (min 20% fat)_l","Cream, fresh, double, including Jersey cream_g","Cream, fresh, dessert (min 20% fat)_l"
"E","Crustaceans","Crab, fresh, cooked_l","Crab, fresh, cooked_l","Crab, fresh, cooked_l","Crab, fresh, cooked_l","Crab, fresh, cooked_l","Shellfish, boiled_j","Crabs_b","Crab, fresh, cooked_l","crab, raw_i","Lobster, boiled_g","Crabs_b","Crustaceans, crab, blue, raw_e","crab, raw_i"
"E","Dates","Date, raw_l","Date, raw_l","Date, raw_l","Date, raw_l","Date, raw_l","Date, red, dried_d","Date, raw_l","Date, raw_l","Date, raw_l","x_x","Date, raw_l","Dates, deglet noor_e","Date, raw_l"
"E","Demersal Fish","Fish, fresh_d","Fish, fresh_d","Fish, fresh_d","Fish, fresh_d","Fish, fresh_d","Fish, fresh_d","Fish, fresh_d","Fish, fresh_d","Fish, fresh_d","Mackerel, spanish, raw_f","Fish, fresh_d","Fish, herring, Pacific, raw_e","Fish, fresh_d"
"E","Eggs","Egg, chicken_d","Egg, chicken_d","Egg, chicken_d","Egg, chicken_d","Egg, chicken_d","Egg, chicken_d","Egg, chicken_d","Egg, chicken_d","Egg, chicken_d","Egg, raw_f","Egg, chicken_d","Egg, raw_f","Egg, chicken_d"
"E","Fats, Animals, Raw","Lard_l","Lard_l","Lard_l","Lard_l","Lard_l","Vegetable oil_d","Lard_l","Lard_l","Lard_l","Lard_g","Lard_l","LARD_e","Lard_l"
"E","Fish, Body Oil","Cod liver oil_l","Cod liver oil_l","Cod liver oil_l","Cod liver oil_l","Cod liver oil_l","Cod liver oil_d","Cod liver oil_l","Cod liver oil_l","Cod liver oil_l","Cod liver oil_g","Cod liver oil_l","Fish oil, sardine_e","Cod liver oil_l"
"E","Fish, Liver Oil","Cod liver oil_d","Cod liver oil_d","Cod liver oil_d","Cod liver oil_d","Cod liver oil_d","Cod liver oil_d","Cod liver oil_d","Cod liver oil_d","Cod liver oil_d","Cod liver oil_g","Cod liver oil_d","Fish oil, cod liver_e","Cod liver oil_d"
"E","Freshwater Fish","Fish, fresh_d","Fish, fresh_d","Fish, fresh_d","Fish, fresh_d","Fish, fresh_d","Fish, fresh_d","madambane, dried, includes bones_i","Fish, fresh_d","Fish, fresh_d","Trout, rainbow, grilled, weighed with bones and skin_g","madambane, dried, includes bones_i","Matemba (fresh)_c","Fish, fresh_d"
"E","Fruits, Other","Mango, ripe, fresh_d","Mango, ripe, fresh_d","Mango, ripe, fresh_d","Mango, ripe, fresh_d","Mango, ripe, fresh_d","Mango, ripe, fresh_d","Mango, ripe, fresh_d","Mango, ripe, fresh_d","Mango, ripe, fresh_d","Mango, ripe, fruit, raw_f","Mango, ripe, fresh_d","Mango (raw)_f","Mango, ripe, fresh_d"
"E","Grapefruit","Grapefruit_d","Grapefruit_d","Grapefruit_d","Grapefruit_d","Grapefruit_d","Grapefruit_d","Grapefruit_d","Grapefruit_d","Grapefruit_d","Oranges_g","Grapefruit_d","Grapefruit, raw, pink and red and white, all areas_e","Grapefruit_d"
"E","Grapes","Grape_d","Grape_d","Grape_d","Grape_d","Grape_d","Grape_d","Grape_d","Grape_d","Grape_d","Grapes, average_g","Grape_d","Grapes, red or green (european type varieties, such as, Thompson seedless), raw_e","Grape_d"
"E","Groundnut Oil","Peanut oil_l","Peanut oil_l","Peanut oil_l","Peanut oil_l","Peanut oil_l","Sesame oil_d","Peanut oil_l","Groundnut oil_f","Peanut oil_l","Groundnut oil_f","Peanut oil_l","Groundnut oil_f","Peanut oil_l"
"E","Groundnuts (Shelled Eq)","Groundnuts_d","Groundnuts_d","Groundnuts_d","Groundnuts_d","Groundnuts_d","Groundnuts_d","Groundnuts_d","Groundnuts_d","Groundnuts_d","Groundnut, dried, raw_f","Groundnuts_d","Groundnut, dried, raw_f","Groundnuts_d"
"E","Honey","Honey_d","Honey_d","Honey_d","Honey_d","Honey_d","Honey_d","Honey_d","Honey_d","Honey_d","Honey_f","Honey_d","Honey_f","Honey_d"
"E","Lemons, Limes","Lemon, raw, without peel_d","Lemon, raw, without peel_d","Lemon, raw, without peel_d","Lemon, raw, without peel_d","Lemon, raw, without peel_d","Lemon, raw, without peel_d","Lemon, raw, without peel_d","Lemon, raw, without peel_d","Lemon, raw, without peel_d","Oranges_g","Lemon, raw, without peel_d","Lemon, fruit, raw_f","Lemon, raw, without peel_d"
"E","Maize","Maize, dried, raw_d","Maize, dried, raw_d","Maize, dried, raw_d","Maize, dried, raw_d","Maize, dried, raw_d","Maize, dried, raw_d","Maize, dried, raw_d","Maize, dried, raw_d","Maize, dried, raw_d","Maize, yellow, dried, raw_f","Maize, dried, raw_d","White Ufa_c","Maize, dried, raw_d"
"E","Maize Germ Oil","Maize oil_l","Maize oil_l","Maize oil_l","Maize oil_l","Maize oil_l","Vegetable oil_d","Vegetable oil_d","Vegetable oil_d","Vegetable oil_d","Wheatgerm oil_g","Vegetable oil_d","Wheatgerm oil_g","Vegetable oil_d"
"E","Marine Fish, Other","Fish, fresh_d","Fish, fresh_d","Fish, fresh_d","Fish, fresh_d","Fish, fresh_d","Fish, fresh_d","Fish, fresh_d","Fish, fresh_d","Fish, fresh_d","Sardine, raw_f","Fish, fresh_d","Fish, herring, Pacific, raw_e","Fish, fresh_d"
"E","Meat, Aquatic Mammals","Whale, beluga, meat, raw (Alaska Native)_e","Whale, beluga, meat, raw (Alaska Native)_e","Whale, beluga, meat, raw (Alaska Native)_e","Whale, beluga, meat, raw (Alaska Native)_e","Fish, fresh_d","Fish, fresh_d","Whale, beluga, meat, raw (Alaska Native)_e","Fish, fresh_d","Fish, fresh_d","Sardine, raw_f","Fish, fresh_d","Fish, herring, Pacific, raw_e","Fish, fresh_d"
"E","Meat, Other","Venison (buck/ deer), roasted_l","Venison (buck/ deer), roasted_l","Venison (buck/ deer), roasted_l","Venison (buck/ deer), roasted_l","Venison (buck/ deer), roasted_l","Goat meat_d","Venison (buck/ deer), roasted_l","Venison (buck/ deer), roasted_l","Venison (buck/ deer), roasted_l","Rabbit, meat, raw_f","Venison (buck/ deer), roasted_l","Lamb, meat not specified, raw_f","Venison (buck/ deer), roasted_l"
"E","Milk - Excluding Butter","Milk whole, 0.0325 milk fat_d","Milk whole, 0.0325 milk fat_d","Milk whole, 0.0325 milk fat_d","Milk whole, 0.0325 milk fat_d","Milk whole, 0.0325 milk fat_d","Milk whole, 0.0325 milk fat_d","Milk whole, 0.0325 milk fat_d","Milk whole, 0.0325 milk fat_d","Milk whole, 0.0325 milk fat_d","Milk, cow, whole, raw_f","Milk whole, 0.0325 milk fat_d","Milk, cow, whole, raw_f","Milk whole, 0.0325 milk fat_d"
"E","Millet","Millet, finger, grain or flour_d","Millet, finger, grain or flour_d","Millet, finger, grain or flour_d","Millet, finger, grain or flour_d","Millet, finger, grain or flour_d","Millet, finger, grain or flour_d","Millet, finger, grain or flour_d","Millet, finger, grain or flour_d","Millet, finger, grain or flour_d","Wheat flour, white_f","Millet, finger, grain or flour_d","Millet flour_c","Millet, finger, grain or flour_d"
"E","Molluscs, Other","Oyster, raw_l","Oyster, raw_l","Oyster, raw_l","Oyster, raw_l","Oyster, raw_l","Shellfish, boiled_j","Oyster, raw_l","Oyster, raw_l","Oyster, raw_l","x_x","Oyster, raw_l","Mollusks, snail, raw_e","Oyster, raw_l"
"E","Mutton & Goat Meat","Goat meat_d","Goat meat_d","Goat meat_d","Goat meat_d","Goat meat_d","Goat meat_d","Goat meat_d","Goat meat_d","Goat meat_d","Lamb, meat not specified, raw_f","Goat meat_d","Lamb, meat not specified, raw_f","Goat meat_d"
"E","Nuts","Cashewnut_d","Cashewnut_d","Cashewnut_d","Cashewnut_d","Cashewnut_d","Cashewnut_d","Cashewnut_d","Cashewnut_d","Cashewnut_d","Cashew nut, raw_f","Cashewnut_d","Cashew nut, raw_f","Cashewnut_d"
"E","Oats","Oats, rolled or oatmeal, uncooked_l","Oats, rolled or oatmeal, uncooked_l","Oats, rolled or oatmeal, uncooked_l","Oats, rolled or oatmeal, uncooked_l","Oats, rolled or oatmeal, uncooked_l","Wheat, flour, whole grain_d","Oats, rolled or oatmeal, uncooked_l","Oats, rolled or oatmeal, uncooked_l","Oats, rolled or oatmeal, uncooked_l","Wheat flour, white_f","Oats, rolled or oatmeal, uncooked_l","Wheat flour, white_f","Oats, rolled or oatmeal, uncooked_l"
"E","Offals, Edible","Beef, tripe_d","Beef, tripe_d","Beef, tripe_d","Beef, tripe_d","Beef, tripe_d","Beef, tripe_d","Beef, tripe_d","Beef, tripe_d","Beef, tripe_d","Liver, lamb, raw_g","Beef, tripe_d","Beef liver, raw_f","Beef, tripe_d"
"E","Oilcrops Oil, Other","Vegetable oil_d","Vegetable oil_d","Vegetable oil_d","Vegetable oil_d","Vegetable oil_d","Vegetable oil_d","Vegetable oil_d","Vegetable oil (50% sunflower, 30% maize, 20% peanut)_l","Vegetable oil (50% sunflower, 30% maize, 20% peanut)_l","Sunflower oil_g","Vegetable oil_d","Palm oil_f","Vegetable oil (50% sunflower, 30% maize, 20% peanut)_l"
"E","Oilcrops, Other","Linseed_l","Linseed_l","Linseed_l","Linseed_l","Linseed_l","Sesame seed_d","Linseed_l","Linseed_l","Linseed_l","x_x","Linseed_l","Spices, poppy seed_e","Linseed_l"
"E","Olive Oil","Olive oil_l","Olive oil_l","Olive oil_l","Olive oil_l","Olive oil_l","Vegetable oil_d","Olive oil_l","Olive oil_l","Olive oil_l","Olive oil_g","Olive oil_l","Oil, olive, salad or cooking_e","Olive oil_l"
"E","Olives","Olive, ripe, canned, drained, pitted_l","Olive, ripe, canned, drained, pitted_l","Olive, ripe, canned, drained, pitted_l","Olive, ripe, canned, drained, pitted_l","Olive, ripe, canned, drained, pitted_l","x_x","Olive, ripe, canned, drained, pitted_l","Olive, ripe, canned, drained, pitted_l","Olive, ripe, canned, drained, pitted_l","x_x","Olive, ripe, canned, drained, pitted_l","Olives, pickled, canned or bottled, green_e","Olive, ripe, canned, drained, pitted_l"
"E","Onions","Onion, raw_d","Onion, raw_d","Onion, raw_d","Onion, raw_d","Onion, raw_d","Onion, raw_d","Onion, raw_d","Onion, raw_d","Onion, raw_d","Onion, raw_f","Onion, raw_d","Onion, raw_f","Onion, raw_d"
"E","Oranges, Mandarines","Orange, raw_d","Orange, raw_d","Orange, raw_d","Orange, raw_d","Orange, raw_d","Orange, raw_d","Orange, raw_d","Orange, raw_d","Orange, raw_d","Orange, raw_f","Orange, raw_d","Orange, raw_f","Orange, raw_d"
"E","Palm Oil","Palm oil_d","Palm oil_d","Palm oil_d","Palm oil_d","Palm oil_d","Palm oil_d","Palm oil_d","Palm oil_d","Palm oil_d","Palm oil_f","Palm oil_d","Palm oil_f","Palm oil_d"
"E","Palmkernel Oil","Palm kernel oil_l","Palm kernel oil_l","Palm kernel oil_l","Palm kernel oil_l","Palm kernel oil_l","Palm oil_d","Palm oil_d","Palm oil_d","Palm oil_d","Palm oil_f","Palm oil_d","Palm oil_f","Palm oil_d"
"E","Peas","Pea, green, fresh_d","Pea, green, fresh_d","Pea, green, fresh_d","Pea, green, fresh_d","Pea, green, fresh_d","Pea, green, fresh_d","Pea, green, fresh_d","Pea, green, fresh_d","Pea, green, fresh_d","Peas, raw_g","Pea, green, fresh_d","Peas, raw_f","Pea, green, fresh_d"
"E","Pelagic Fish","Fish, fresh_d","Fish, fresh_d","Fish, fresh_d","Fish, fresh_d","Fish, fresh_d","Fish, fresh_d","Fish, fresh_d","Fish, fresh_d","Fish, fresh_d","Sardine, raw_f","Fish, fresh_d","Mackerel, spanish, raw_f","Fish, fresh_d"
"E","Pepper","Pepper, black_l","Pepper, black_l","Pepper, black_l","Pepper, black_l","Pepper, black_l","x_x","Pepper, black_l","Pepper, black_l","Pepper, black_l","x_x","Pepper, black_l","Spices, pepper, black_e","Pepper, black_l"
"E","Pigmeat","Pork, medium fat, cooked_d","Pork, medium fat, cooked_d","Pork, medium fat, cooked_d","Pork, medium fat, cooked_d","Pork, medium fat, cooked_d","Pork, medium fat, cooked_d","Pork, medium fat, cooked_d","Pork, medium fat, cooked_d","Pork, medium fat, cooked_d","Pork, meat, approx. 40%fat, raw_f","Pork, medium fat, cooked_d","Pork, meat, approx. 40%fat, raw_f","Pork, medium fat, cooked_d"
"E","Pimento","Pepper dried or fresh, hot_d","Pepper dried or fresh, hot_d","Pepper dried or fresh, hot_d","Pepper dried or fresh, hot_d","Pepper dried or fresh, hot_d","Pepper dried or fresh, hot_d","Pepper dried or fresh, hot_d","Pepper dried or fresh, hot_d","Pepper dried or fresh, hot_d","Peppers, capsicum, green, boiled in salted water_g","Pepper dried or fresh, hot_d","Peppers, hot chili, red, raw_e","Pepper dried or fresh, hot_d"
"E","Pineapples","Pineapple, raw, all variety_d","Pineapple, raw, all variety_d","Pineapple, raw, all variety_d","Pineapple, raw, all variety_d","Pineapple, raw, all variety_d","Pineapple, raw, all variety_d","Pineapple, raw, all variety_d","Pineapple, raw, all variety_d","Pineapple, raw, all variety_d","Pineapple, pulp, raw_f","Pineapple, raw, all variety_d","Pineapple, pulp, raw_f","Pineapple, raw, all variety_d"
"E","Plantains","Plantain, ripe, raw_f","Plantain, ripe, raw_f","Plantain, ripe, raw_f","Plantain, ripe, raw_f","Plantain, ripe, raw_f","Banana, ripe_d","Plantain, ripe, raw_f","Plantain, ripe, raw_f","Plantain, ripe, raw_f","Banana, fruit, raw_f","Plantain, ripe, raw_f","Plantain, ripe, raw_f","Plantain, ripe, raw_f"
"E","Potatoes","Potato, raw, with skin_d","Potato, raw, with skin_d","Potato, raw, with skin_d","Potato, raw, with skin_d","Potato, raw, with skin_d","Potato, raw, with skin_d","Potato, raw, with skin_d","Potato, raw, with skin_d","Potato, raw, with skin_d","Potato, raw_f","Potato, raw, with skin_d","Potato, raw_f","Potato, raw, with skin_d"
"E","Poultry Meat","Chicken, raw_d","Chicken, raw_d","Chicken, raw_d","Chicken, raw_d","Chicken, raw_d","Chicken, raw_d","Chicken, raw_d","Chicken, raw_d","Chicken, raw_d","Chicken, flesh only, raw_f","Chicken, raw_d","Chicken, flesh only, raw_f","Chicken, raw_d"
"E","Pulses, Other","Pigeon peas, raw_d","Pigeon peas, raw_d","Pigeon peas, raw_d","Pigeon peas, raw_d","Pigeon peas, raw_d","Pigeon peas, raw_d","Pigeon peas, raw_d","Pigeon peas, raw_d","Pigeon peas, raw_d","x_x","Pigeon peas, raw_d","F Pigeon peas_c","Pigeon peas, raw_d"
"E","Rape and Mustard Oil","Vegetable oil_d","Vegetable oil_d","Vegetable oil_d","Vegetable oil_d","Vegetable oil_d","Vegetable oil_d","Vegetable oil_d","Vegetable oil_d","Vegetable oil_d","Rapeseed oil_g","Vegetable oil_d","Vegetable oil, mustard_e","Vegetable oil_d"
"E","Rice (Milled Equivalent)","Rice, white, grain, raw_d","Rice, white, grain, raw_d","Rice, white, grain, raw_d","Rice, white, grain, raw_d","Rice, white, grain, raw_d","Rice, white, grain, raw_d","Rice, white, grain, raw_d","Rice, white, grain, raw_d","Rice, white, grain, raw_d","Rice, polished, raw_f","Rice, white, grain, raw_d","Rice_c","Rice, white, grain, raw_d"
"E","Ricebran Oil","Vegetable oil_d","Vegetable oil_d","Vegetable oil_d","Vegetable oil_d","Vegetable oil_d","Vegetable oil_d","Vegetable oil_d","Vegetable oil_d","Vegetable oil_d","Vegetable oil, blended, average_g","Vegetable oil_d","Oil, vegetable, rice bran_e","Vegetable oil_d"
"E","Roots, Other","Taro, raw_d","Taro, raw_d","Taro, raw_d","Taro, raw_d","Taro, raw_d","Taro, raw_d","Taro, raw_d","Taro, raw_d","Taro, raw_d","x_x","Taro, raw_d","Taro, tuber, raw_f","Taro, raw_d"
"E","Rye","Wheat, flour, whole grain_d","Wheat, flour, whole grain_d","Wheat, flour, whole grain_d","Wheat, flour, whole grain_d","Wheat, flour, whole grain_d","Wheat, flour, whole grain_d","Wheat, flour, whole grain_d","Wheat, flour, whole grain_d","Wheat, flour, whole grain_d","Wheat flour, white_f","Wheat, flour, whole grain_d","Rye_e","Wheat, flour, whole grain_d"
"E","Sesameseed","Sesame seed_d","Sesame seed_d","Sesame seed_d","Sesame seed_d","Sesame seed_d","Sesame seed_d","Sesame seed_d","Sesame seed_d","Sesame seed_d","x_x","Sesame seed_d","Seeds, sesame seeds, whole, dried_e","Sesame seed_d"
"E","Sesameseed Oil","Sesame oil_d","Sesame oil_d","Sesame oil_d","Sesame oil_d","Sesame oil_d","Sesame oil_d","Sesame oil_d","Sesame oil_d","Sesame oil_d","Sesame oil_g","Sesame oil_d","Oil, sesame, salad or cooking_e","Sesame oil_d"
"E","Sorghum","Sorghum_d","Sorghum_d","Sorghum_d","Sorghum_d","Sorghum_d","Sorghum_d","Sorghum_d","Sorghum_d","Sorghum_d","Wheat flour, white_f","Sorghum_d","Sorghum_c","Sorghum_d"
"E","Soyabean Oil","Soybean oil_l","Soybean oil_l","Soybean oil_l","Soybean oil_l","Soybean oil_l","Vegetable oil_d","Soybean oil_l","Vegetable oil_d","Soybean oil_l","Soya oil_g","Soybean oil_l","Oil, soybean, salad or cooking_e","Soybean oil_l"
"E","Soyabeans","Soybean, yellow_d","Soybean, yellow_d","Soybean, yellow_d","Soybean, yellow_d","Soybean, yellow_d","Soybean, yellow_d","Soybean, yellow_d","Soybean, yellow_d","Soybean, yellow_d","Soya bean, dried, raw_f","Soybean, yellow_d","Soya bean, dried, raw_f","Soybean, yellow_d"
"E","Spices, Other","Turmeric, ground_l","Turmeric, ground_l","Turmeric, ground_l","Turmeric, ground_l","Turmeric, ground_l","x_x","Turmeric, ground_l","Turmeric, ground_l","Turmeric, ground_l","x_x","Turmeric, ground_l","Spices, turmeric, ground_e","Turmeric, ground_l"
"E","Sugar (Raw Equivalent)","Sugar_d","Sugar_d","Sugar_d","Sugar_d","Sugar_d","Sugar_d","Sugar_d","Sugar_d","Sugar_d","Sugar, white_f","Sugar_d","Sugar, white_f","Sugar_d"
"E","Sugar Beet","Beetroot, raw (flesh and skin)_l","Beetroot, raw (flesh and skin)_l","Beetroot, raw (flesh and skin)_l","Beetroot, raw (flesh and skin)_l","Beetroot, raw (flesh and skin)_l","x_x","Beetroot, raw (flesh and skin)_l","Beetroot, raw (flesh and skin)_l","Beetroot, raw (flesh and skin)_l","x_x","Beetroot, raw (flesh and skin)_l","Beets, raw_e","Beetroot, raw (flesh and skin)_l"
"E","Sugar Cane","Sugarcane_d","Sugarcane_d","Sugarcane_d","Sugarcane_d","Sugarcane_d","Sugarcane_d","Sugarcane_d","Sugarcane_d","Sugarcane_d","Sugar, white_f","Sugarcane_d","Sugar, white_f","Sugarcane_d"
"E","Sugar, Non-Centrifugal","Sugarcane juice_d","Sugarcane juice_d","Sugarcane juice_d","Sugarcane juice_d","Sugarcane juice_d","Sugarcane juice_d","Sugarcane juice_d","Sugarcane juice_d","Sugarcane juice_d","Sugar, white_f","Sugarcane juice_d","Sugar, white_f","Sugarcane juice_d"
"E","Sunflowerseed","Sunflower seed_d","Sunflower seed, dried_l","Sunflower seed_d","Sunflower seed_d","Sunflower seed_d","Sunflower seed_d","Sunflower seed_d","Sunflower seed_d","Sunflower seed_d","x_x","Sunflower seed_d","Seeds, sunflower seed kernels, dried_e","Sunflower seed_d"
"E","Sunflowerseed Oil","Sunflower oil_l","Sunflower oil_l","Sunflower oil_l","Sunflower oil_l","Sunflower oil_l","Vegetable oil_d","Sunflower oil_l","Sunflower oil_l","Sunflower oil_l","Sunflower oil_g","Sunflower oil_l","Oil, vegetable, sunflower, linoleic, (approx. 65%)_e","Sunflower oil_l"
"E","Sweet Potatoes","Sweet potato, fresh-EP_d","Sweet potato, fresh-EP_d","Sweet potato, fresh-EP_d","Sweet potato, fresh-EP_d","Sweet potato, fresh-EP_d","Sweet potato, fresh-EP_d","Sweet potato, fresh-EP_d","Sweet potato, fresh-EP_d","Sweet potato, fresh-EP_d","Sweet potato, raw_f","Sweet potato, fresh-EP_d","Sweet potato, raw_f","Sweet potato, fresh-EP_d"
"E","Sweeteners, Other","Sweeteners, tabletop, fructose, dry, powder_e","Sweeteners, tabletop, fructose, dry, powder_e","Sweeteners, tabletop, fructose, dry, powder_e","Sweeteners, tabletop, fructose, dry, powder_e","Sweeteners, tabletop, fructose, dry, powder_e","x_x","Sweeteners, tabletop, fructose, dry, powder_e","Sweeteners, tabletop, fructose, dry, powder_e","Sweeteners, tabletop, fructose, dry, powder_e","x_x","Sweeteners, tabletop, fructose, dry, powder_e","Sweeteners, tabletop, fructose, dry, powder_e","Sweeteners, tabletop, fructose, dry, powder_e"
"E","Tea","Tea leaves_d","Tea leaves_d","Tea leaves_d","Tea leaves_d","Tea leaves_d","Tea leaves_d","Tea leaves_d","Tea leaves_d","Tea leaves_d","Tea, infusion_f","Tea leaves_d","Tea, infusion_f","Tea leaves_d"
"E","Tomatoes","Tomato, ripe_d","Tomato, ripe_d","Tomato, ripe_d","Tomato, ripe_d","Tomato, ripe_d","Tomato, ripe_d","Tomato, ripe_d","Tomato, ripe_d","Tomato, ripe_d","Tomato, raw_f","Tomato, ripe_d","Tomato, raw_f","Tomato, ripe_d"
"E","Vegetables, Other","Cabbage, raw, green, white_d","Cabbage, raw, green, white_d","Cabbage, raw, green, white_d","Cabbage, raw, green, white_d","Cabbage, raw, green, white_d","Cabbage, raw, green, white_d","Cabbage, raw, green, white_d","Cabbage, raw, green, white_d","Cabbage, raw, green, white_d","Cabbage, raw, average_g","Cabbage, raw, green, white_d","Cabbage, raw_f","Cabbage, raw, green, white_d"
"E","Wheat","Wheat, flour, whole grain_d","Wheat, flour, whole grain_d","Wheat, flour, whole grain_d","Wheat, flour, whole grain_d","Wheat, flour, whole grain_d","Wheat, flour, whole grain_d","Wheat, flour, whole grain_d","Wheat, flour, whole grain_d","Wheat, flour, whole grain_d","Wheat flour, white_f","Wheat, flour, whole grain_d","Wheat flour, white_f","Wheat, flour, whole grain_d"
"E","Wine","Wine, red/ white/ rose, dry/ semi-sweet/ sparkling (alc 12% v/v; 9.4% w/w)_l","Wine, red/ white/ rose, dry/ semi-sweet/ sparkling (alc 12% v/v; 9.4% w/w)_l","Wine, red/ white/ rose, dry/ semi-sweet/ sparkling (alc 12% v/v; 9.4% w/w)_l","Wine, red/ white/ rose, dry/ semi-sweet/ sparkling (alc 12% v/v; 9.4% w/w)_l","Wine, red/ white/ rose, dry/ semi-sweet/ sparkling (alc 12% v/v; 9.4% w/w)_l","Grape juice_d","Wine, red/ white/ rose, dry/ semi-sweet/ sparkling (alc 12% v/v; 9.4% w/w)_l","Wine, red/ white/ rose, dry/ semi-sweet/ sparkling (alc 12% v/v; 9.4% w/w)_l","Wine, red/ white/ rose, dry/ semi-sweet/ sparkling (alc 12% v/v; 9.4% w/w)_l","x_x","Wine, red/ white/ rose, dry/ semi-sweet/ sparkling (alc 12% v/v; 9.4% w/w)_l","Alcoholic beverage, wine, table, all_e","Wine, red/ white/ rose, dry/ semi-sweet/ sparkling (alc 12% v/v; 9.4% w/w)_l"
"E","Yams","Yam, raw_d","Yam, raw_d","Yam, raw_d","Yam, raw_d","Yam, raw_d","Yam, raw_d","Yam, raw_d","Yam, raw_d","Yam, raw_d","x_x","Yam, raw_d","Yam tuber, raw_f","Yam, raw_d"
"S","Apples","Apple, average, raw_l","Apple, average, raw_l","Apple, average, raw_l","Apple, average, raw_l","Apple, average, raw_l","Apples, raw, with skin_d","Apple, average, raw_l","Apple, average, raw_l","Apple, average, raw_l","Apples, eating, average, raw_g","Apple, average, raw_l","Apples, raw, with skin_e","Apple, average, raw_l"
"S","Aquatic Animals, Others","Sole, grilled_l","Sole, grilled_l","Sole, grilled_l","Sole, grilled_l","Sole, grilled_l","Fish, fresh_d","Sole, grilled_l","Sole, grilled_l","Sole, grilled_l","Mackerel, spanish, raw_f","Sole, grilled_l","Matemba (fresh)_c","Sole, grilled_l"
"S","Aquatic Plants","Seaweed, agar, raw_e","Seaweed, agar, raw_e","Seaweed, agar, raw_e","Seaweed, agar, raw_e","Seaweed, agar, raw_e","x_x","Seaweed, agar, raw_e","Seaweed, agar, raw_e","Seaweed, agar, raw_e","Seaweed, nori, dried, raw_g","Seaweed, agar, raw_e","Seaweed, agar, raw_e","Seaweed, agar, raw_e"
"S","Bananas","Banana, raw (peeled)_l","Banana, raw (peeled)_l","Banana, raw (peeled)_l","Banana, raw (peeled)_l","Banana, raw (peeled)_l","Banana, ripe_d","Banana, raw (peeled)_l","Banana, raw (peeled)_l","Banana, raw (peeled)_l","Banana, fruit, raw_f","Banana, raw (peeled)_l","Banana_c","Banana, raw (peeled)_l"
"S","Barley","Barley, pearled, cooked_l","Barley, pearled, cooked_l","Barley, pearled, cooked_l","Barley, pearled, cooked_l","Barley, pearled, cooked_l","Barley, white flour: roasted, milled_m","Barley, pearled, cooked_l","Barley, pearled, cooked_l","Barley, pearled, cooked_l","Wheat flour, white_f","Barley, pearled, cooked_l","Barley, pearled, raw_e","Barley, pearled, cooked_l"
"S","Beans","Beans, sugar, dried, raw_l","Beans, sugar, dried, raw_l","Beans, sugar, dried, raw_l","Beans, sugar, dried, raw_l","Beans, sugar, dried, raw_l","Beans, kidney, mature seeds, raw_d","Beans, sugar, dried, raw_l","Beans, sugar, dried, raw_l","Beans, sugar, dried, raw_l","Bean, raw_f","Beans, sugar, dried, raw_l","Bengal beans_c","Beans, sugar, dried, raw_l"
"S","Beer","Beer, average (alc 4.6% v/v; s.6% w/w)_l","Beer, average (alc 4.6% v/v; s.6% w/w)_l","Beer, average (alc 4.6% v/v; s.6% w/w)_l","Beer, average (alc 4.6% v/v; s.6% w/w)_l","Beer, average (alc 4.6% v/v; s.6% w/w)_l","Beer, commercial_d","Beer, average (alc 4.6% v/v; s.6% w/w)_l","Beer, average (alc 4.6% v/v; s.6% w/w)_l","Beer, average (alc 4.6% v/v; s.6% w/w)_l","Beer europe (4.4% alcohol)_f","Beer, average (alc 4.6% v/v; s.6% w/w)_l","Beer europe (4.4% alcohol)_f","Beer, average (alc 4.6% v/v; s.6% w/w)_l"
"S","Beverages, Alcoholic","Spirit, Brandy/ Gin/ Whisky/ Cane/ Vodka/ Rum (alc 43% v/v; 36% w/w)_l","Spirit, Brandy/ Gin/ Whisky/ Cane/ Vodka/ Rum (alc 43% v/v; 36% w/w)_l","Spirit, Brandy/ Gin/ Whisky/ Cane/ Vodka/ Rum (alc 43% v/v; 36% w/w)_l","Spirit, Brandy/ Gin/ Whisky/ Cane/ Vodka/ Rum (alc 43% v/v; 36% w/w)_l","Spirit, Brandy/ Gin/ Whisky/ Cane/ Vodka/ Rum (alc 43% v/v; 36% w/w)_l","x_x","Spirit, Brandy/ Gin/ Whisky/ Cane/ Vodka/ Rum (alc 43% v/v; 36% w/w)_l","Spirit, Brandy/ Gin/ Whisky/ Cane/ Vodka/ Rum (alc 43% v/v; 36% w/w)_l","Spirit, Brandy/ Gin/ Whisky/ Cane/ Vodka/ Rum (alc 43% v/v; 36% w/w)_l","Spirits, 40% volume_g","Spirit, Brandy/ Gin/ Whisky/ Cane/ Vodka/ Rum (alc 43% v/v; 36% w/w)_l","Alcoholic beverage, distilled, all (gin, rum, vodka, whiskey) 80 proof_e","Spirit, Brandy/ Gin/ Whisky/ Cane/ Vodka/ Rum (alc 43% v/v; 36% w/w)_l"
"S","Beverages, Fermented","Beer, sorghum (alc 2-3% w/w)_l","Beer, sorghum (alc 2-3% w/w)_l","Beer, sorghum (alc 2-3% w/w)_l","Beer, sorghum (alc 2-3% w/w)_l","Beer, sorghum (alc 2-3% w/w)_l","Beer, local, grain_d","Beer, sorghum (alc 2-3% w/w)_l","Beer, sorghum (alc 2-3% w/w)_l","Beer, sorghum (alc 2-3% w/w)_l","Fermented maize flour_o","Beer, sorghum (alc 2-3% w/w)_l","Sorghum porridge_c","Beer, sorghum (alc 2-3% w/w)_l"
"S","Bovine Meat","Beef, raw_l","Beef, raw_l","Beef, raw_l","Beef, raw_l","Beef, raw_l","Beef, medium fat, cooked_d","Beef, raw_l","Beef, raw_l","Beef, raw_l","Beef, meat, approx. 20%fat, raw_f","Beef, raw_l","Beef, meat, approx. 20%fat, raw_f","Beef, raw_l"
"S","Butter, Ghee","Butter ghee (clarified butter)_l","Butter ghee (clarified butter)_l","Butter ghee (clarified butter)_l","Butter ghee (clarified butter)_l","Butter ghee (clarified butter)_l","Butter refined-ghee_d","Butter ghee (clarified butter)_l","Butter ghee (clarified butter)_l","Butter ghee (clarified butter)_l","Ghee, palm_g","Butter ghee (clarified butter)_l","Ghee, butter_g","Butter ghee (clarified butter)_l"
"S","Cassava","Cassava, raw_d","Cassava, raw_d","Cassava, raw_d","Cassava, raw_d","Cassava, raw_d","Cassava, raw_d","Cassava, raw_d","Cassava, raw_d","Cassava, raw_d","Cassava, Dar es Salaam_n","Cassava, raw_d","Cassava, raw_f","Cassava, raw_d"
"S","Cephalopods","Mollusks, squid, mixed species, raw_e","Mollusks, squid, mixed species, raw_e","Mollusks, squid, mixed species, raw_e","Mollusks, squid, mixed species, raw_e","Mollusks, squid, mixed species, raw_e","Shellfish, boiled_j","Mollusks, squid, mixed species, raw_e","Mollusks, squid, mixed species, raw_e","squid, raw_i","Squid, raw_g","Mollusks, squid, mixed species, raw_e","Mollusks, squid, mixed species, raw_e","squid, raw_i"
"S","Cereals, Other","Wheat, whole_l","Wheat, whole_l","Wheat, whole_l","Wheat, whole_l","Wheat, whole_l","Wheat, flour, whole grain_d","Wheat, whole_l","Wheat, whole_l","Wheat, whole_l","Wheat flour, white_f","Wheat, whole_l","Wheat flour, white_f","Wheat, whole_l"
"S","Citrus, Other","Orange, raw (peeled)_l","Orange, raw (peeled)_l","Orange, raw (peeled)_l","Orange, raw (peeled)_l","Orange, raw (peeled)_l","Orange, raw_d","Orange, raw (peeled)_l","Orange, raw (peeled)_l","Orange, raw (peeled)_l","Orange, raw_f","Orange, raw (peeled)_l","Orange, raw_f","Orange, raw (peeled)_l"
"S","Cloves","Spices, cloves, ground_e","Spices, cloves, ground_e","Spices, cloves, ground_e","Spices, cloves, ground_e","Spices, cloves, ground_e","x_x","Spices, cloves, ground_e","Spices, cloves, ground_e","Spices, cloves, ground_e","x_x","Spices, cloves, ground_e","Spices, cloves, ground_e","Spices, cloves, ground_e"
"S","Cocoa Beans","Cocoa powder_l","Cocoa powder_l","Cocoa powder_l","Cocoa powder_l","Cocoa powder_l","x_x","Cocoa powder_l","Cocoa powder_l","Cocoa powder_l","x_x","Cocoa powder_l","Cocoa, dry powder, unsweetened_e","Cocoa powder_l"
"S","Coconut Oil","Coconut oil_l","Coconut oil_l","Coconut oil_l","Coconut oil_l","Coconut oil_l","Coconut oil_d","Coconut oil_l","Coconut oil_d","Coconut oil_l","Coconut oil_f","Coconut oil_d","Coconut oil_f","Coconut oil_d"
"S","Coconuts - Incl Copra","Coconut, flesh, raw_l","Coconut, flesh, raw_l","Coconut, flesh, raw_l","Coconut, flesh, raw_l","Coconut, flesh, raw_l","Coconut meat, raw_d","Coconut, flesh, raw_l","Coconut, flesh, raw_l","Coconut, flesh, raw_l","Coconut, raw_f","Coconut, flesh, raw_l","Coconut, raw_e","Coconut, flesh, raw_l"
"S","Coffee","Coffee, brewed/ instant_l","Coffee, brewed/ instant_l","Coffee, brewed/ instant_l","Coffee, brewed/ instant_l","Coffee, brewed/ instant_l","Coffee without milk, with sugar,_d","Coffee, brewed/ instant_l","Coffee, brewed/ instant_l","Coffee, brewed/ instant_l","Coffee, infusion, strong_g","Coffee, brewed/ instant_l","Coffee, brewed from grounds, prepared with tap water_e","Coffee, brewed/ instant_l"
"S","Cottonseed Oil","Cottonseed oil_l","Cottonseed oil_l","Cottonseed oil_l","Cottonseed oil_l","Cottonseed oil_l","Vegetable oil_d","Vegetable oil (50% sunflower, 30% maize, 20% peanut)_l","Vegetable oil_d","Vegetable oil_d","Cottonseed oil_g","Vegetable oil (50% sunflower, 30% maize, 20% peanut)_l","Cottonseed oil_g","Vegetable oil_d"
"S","Cream","Cream, fresh, dessert (min 20% fat)_l","Cream, fresh, dessert (min 20% fat)_l","Cream, fresh, dessert (min 20% fat)_l","Cream, fresh, dessert (min 20% fat)_l","Cream, fresh, dessert (min 20% fat)_l","Ice cream_d","Cream, fresh, dessert (min 20% fat)_l","Cream, fresh, dessert (min 20% fat)_l","Cream, fresh, dessert (min 20% fat)_l","Cream, fresh, double, including Jersey cream_g","Cream, fresh, dessert (min 20% fat)_l","Cream, fresh, double, including Jersey cream_g","Cream, fresh, dessert (min 20% fat)_l"
"S","Crustaceans","Crab, fresh, cooked_l","Crab, fresh, cooked_l","Crab, fresh, cooked_l","Crab, fresh, cooked_l","Crab, fresh, cooked_l","Shellfish, boiled_j","Crab, fresh, cooked_l","Crab, fresh, cooked_l","Crab, fresh, cooked_l","Lobster, boiled_g","Crab, fresh, cooked_l","Crustaceans, crab, blue, raw_e","Crab, fresh, cooked_l"
"S","Dates","Date, raw_l","Date, raw_l","Date, raw_l","Date, raw_l","Date, raw_l","Date, red, dried_d","Date, raw_l","Date, raw_l","Date, raw_l","x_x","Date, raw_l","Dates, deglet noor_e","Date, raw_l"
"S","Demersal Fish","Haddock, smoked, steamed_l","Haddock, smoked, steamed_l","Haddock, smoked, steamed_l","Haddock, smoked, steamed_l","Haddock, smoked, steamed_l","Fish, fresh_d","Haddock, smoked, steamed_l","Haddock, smoked, steamed_l","Haddock, smoked, steamed_l","Mackerel, spanish, raw_f","Haddock, smoked, steamed_l","Fish, herring, Pacific, raw_e","Haddock, smoked, steamed_l"
"S","Eggs","Egg, chicken, whole, raw_l","Egg, chicken, whole, raw_l","Egg, chicken, whole, raw_l","Egg, chicken, whole, raw_l","Egg, chicken, whole, raw_l","Egg, chicken_d","Egg, chicken, whole, raw_l","Egg, chicken, whole, raw_l","Egg, chicken, whole, raw_l","Egg, raw_f","Egg, chicken, whole, raw_l","Egg, raw_f","Egg, chicken, whole, raw_l"
"S","Fats, Animals, Raw","Lard_l","Lard_l","Lard_l","Lard_l","Lard_l","Vegetable oil_d","Lard_l","Lard_l","Lard_l","Lard_g","Lard_l","LARD_e","Lard_l"
"S","Fish, Body Oil","Cod liver oil_l","Cod liver oil_l","Cod liver oil_l","Cod liver oil_l","Cod liver oil_l","Cod liver oil_d","Cod liver oil_l","Cod liver oil_l","Cod liver oil_l","Cod liver oil_g","Cod liver oil_l","Fish oil, sardine_e","Cod liver oil_l"
"S","Fish, Liver Oil","Cod liver oil_l","Cod liver oil_l","Cod liver oil_l","Cod liver oil_l","Cod liver oil_l","Cod liver oil_d","Cod liver oil_l","Cod liver oil_l","Cod liver oil_l","Cod liver oil_g","Cod liver oil_l","Fish oil, cod liver_e","Cod liver oil_l"
"S","Freshwater Fish","Trout, rainbow, grilled_l","Trout, rainbow, grilled_l","Trout, rainbow, grilled_l","Trout, rainbow, grilled_l","Trout, rainbow, grilled_l","Fish, fresh_d","Trout, rainbow, grilled_l","Trout, rainbow, grilled_l","Trout, rainbow, grilled_l","Trout, rainbow, grilled, weighed with bones and skin_g","Trout, rainbow, grilled_l","Matemba (fresh)_c","Trout, rainbow, grilled_l"
"S","Fruits, Other","Mango, raw (peeled)_l","Mango, raw (peeled)_l","Mango, raw (peeled)_l","Mango, raw (peeled)_l","Mango, raw (peeled)_l","Mango, ripe, fresh_d","Mango, raw (peeled)_l","Mango, raw (peeled)_l","Mango, raw (peeled)_l","Mango, ripe, fruit, raw_f","Mango, raw (peeled)_l","Mango (raw)_f","Mango, raw (peeled)_l"
"S","Grapefruit","Grapefruit, raw (peeled)_l","Grapefruit, raw (peeled)_l","Grapefruit, raw (peeled)_l","Grapefruit, raw (peeled)_l","Grapefruit, raw (peeled)_l","Grapefruit_d","Grapefruit, raw (peeled)_l","Grapefruit, raw (peeled)_l","Grapefruit, raw (peeled)_l","Oranges_g","Grapefruit, raw (peeled)_l","Grapefruit, raw, pink and red and white, all areas_e","Grapefruit, raw (peeled)_l"
"S","Grapes","Grape, average, raw_l","Grape, average, raw_l","Grape, average, raw_l","Grape, average, raw_l","Grape, average, raw_l","Grape_d","Grape, average, raw_l","Grape, average, raw_l","Grape, average, raw_l","Grapes, average_g","Grape, average, raw_l","Grapes, red or green (european type varieties, such as, Thompson seedless), raw_e","Grape, average, raw_l"
"S","Groundnut Oil","Peanut oil_l","Peanut oil_l","Peanut oil_l","Peanut oil_l","Peanut oil_l","Sesame oil_d","Peanut oil_l","Groundnut oil_f","Peanut oil_l","Groundnut oil_f","Peanut oil_l","Groundnut oil_f","Peanut oil_l"
"S","Groundnuts (Shelled Eq)","Peanuts, raw_l","Peanuts, raw_l","Peanuts, raw_l","Peanuts, raw_l","Peanuts, raw_l","Groundnuts_d","Peanuts, raw_l","Peanuts, raw_l","Peanuts, raw_l","Groundnut, dried, raw_f","Peanuts, raw_l","Groundnut, dried, raw_f","Peanuts, raw_l"
"S","Honey","Honey_l","Honey_l","Honey_l","Honey_l","Honey_l","Honey_d","Honey_l","Honey_l","Honey_l","Honey_f","Honey_l","Honey_f","Honey_d"
"S","Lemons, Limes","Lemon, raw (without peel)_l","Lemon, raw (without peel)_l","Lemon, raw (without peel)_l","Lemon, raw (without peel)_l","Lemon, raw (without peel)_l","Lemon, raw, without peel_d","Lemon, raw (without peel)_l","Lemon, raw (without peel)_l","Lemon, raw (without peel)_l","Oranges_g","Lemon, raw (without peel)_l","Lemon, fruit, raw_f","Lemon, raw (without peel)_l"
"S","Maize","Maize, whole kernel, raw (white)_l","Maize, whole kernel, raw (white)_l","Maize, whole kernel, raw (white)_l","Maize, whole kernel, raw (white)_l","Maize, whole kernel, raw (white)_l","Maize, dried, raw_d","Maize, whole kernel, raw (white)_l","Maize, whole kernel, raw (white)_l","Maize, whole kernel, raw (white)_l","Maize, yellow, dried, raw_f","Maize, whole kernel, raw (white)_l","White Ufa_c","Maize, whole kernel, raw (white)_l"
"S","Maize Germ Oil","Maize oil_l","Maize oil_l","Maize oil_l","Maize oil_l","Maize oil_l","Vegetable oil_d","Vegetable oil (50% sunflower, 30% maize, 20% peanut)_l","Vegetable oil_d","Vegetable oil_d","Wheatgerm oil_g","Vegetable oil (50% sunflower, 30% maize, 20% peanut)_l","Wheatgerm oil_g","Vegetable oil_d"
"S","Marine Fish, Other","Sole, grilled_l","Sole, grilled_l","Sole, grilled_l","Sole, grilled_l","Sole, grilled_l","Fish, fresh_d","Sole, grilled_l","Sole, grilled_l","Sole, grilled_l","Sardine, raw_f","Sole, grilled_l","Fish, herring, Pacific, raw_e","Sole, grilled_l"
"S","Meat, Aquatic Mammals","Whale, beluga, meat, raw (Alaska Native)_e","Whale, beluga, meat, raw (Alaska Native)_e","Whale, beluga, meat, raw (Alaska Native)_e","Whale, beluga, meat, raw (Alaska Native)_e","Sole, grilled_l","Fish, fresh_d","Whale, beluga, meat, raw (Alaska Native)_e","Sole, grilled_l","Sole, grilled_l","Sardine, raw_f","Sole, grilled_l","Fish, herring, Pacific, raw_e","Sole, grilled_l"
"S","Meat, Other","Venison (buck/ deer), roasted_l","Venison (buck/ deer), roasted_l","Venison (buck/ deer), roasted_l","Venison (buck/ deer), roasted_l","Venison (buck/ deer), roasted_l","Goat meat_d","Venison (buck/ deer), roasted_l","Venison (buck/ deer), roasted_l","Venison (buck/ deer), roasted_l","Rabbit, meat, raw_f","Venison (buck/ deer), roasted_l","Lamb, meat not specified, raw_f","Venison (buck/ deer), roasted_l"
"S","Milk - Excluding Butter","Milk, full fat/ whole, fresh_l","Milk, full fat/ whole, fresh_l","Milk, full fat/ whole, fresh_l","Milk, full fat/ whole, fresh_l","Milk, full fat/ whole, fresh_l","Milk whole, 0.0325 milk fat_d","Milk, full fat/ whole, fresh_l","Milk, full fat/ whole, fresh_l","Milk, full fat/ whole, fresh_l","Milk, cow, whole, raw_f","Milk, full fat/ whole, fresh_l","Milk, cow, whole, raw_f","Milk, full fat/ whole, fresh_l"
"S","Millet","Millet, cooked_l","Millet, cooked_l","Millet, cooked_l","Millet, cooked_l","Millet, cooked_l","Millet, finger, grain or flour_d","Millet, cooked_l","Millet, cooked_l","Millet, cooked_l","Wheat flour, white_f","Millet, cooked_l","Millet flour_c","Millet, cooked_l"
"S","Molluscs, Other","Oyster, raw_l","Oyster, raw_l","Oyster, raw_l","Oyster, raw_l","Oyster, raw_l","Shellfish, boiled_j","Oyster, raw_l","Oyster, raw_l","Oyster, raw_l","x_x","Oyster, raw_l","Mollusks, snail, raw_e","Oyster, raw_l"
"S","Mutton & Goat Meat","Goat, raw_l","Goat, raw_l","Goat, raw_l","Goat, raw_l","Goat, raw_l","Goat meat_d","Goat, raw_l","Goat, raw_l","Goat, raw_l","Lamb, meat not specified, raw_f","Goat, raw_l","Lamb, meat not specified, raw_f","Goat, raw_l"
"S","Nuts","Cashew nut, dry-roasted, unsalted_l","Cashew nut, dry-roasted, unsalted_l","Cashew nut, dry-roasted, unsalted_l","Cashew nut, dry-roasted, unsalted_l","Cashew nut, dry-roasted, unsalted_l","Cashewnut_d","Cashew nut, dry-roasted, unsalted_l","Cashew nut, dry-roasted, unsalted_l","Cashew nut, dry-roasted, unsalted_l","Cashew nut, raw_f","Cashew nut, dry-roasted, unsalted_l","Cashew nut, raw_f","Cashew nut, dry-roasted, unsalted_l"
"S","Oats","Oats, rolled or oatmeal, uncooked_l","Oats, rolled or oatmeal, uncooked_l","Oats, rolled or oatmeal, uncooked_l","Oats, rolled or oatmeal, uncooked_l","Oats, rolled or oatmeal, uncooked_l","Wheat, flour, whole grain_d","Oats, rolled or oatmeal, uncooked_l","Oats, rolled or oatmeal, uncooked_l","Oats, rolled or oatmeal, uncooked_l","Wheat flour, white_f","Oats, rolled or oatmeal, uncooked_l","Wheat flour, white_f","Oats, rolled or oatmeal, uncooked_l"
"S","Offals, Edible","Offal, cooked (tripe/ brawn/ brain/ tongue)_l","Offal, cooked (tripe/ brawn/ brain/ tongue)_l","Offal, cooked (tripe/ brawn/ brain/ tongue)_l","Offal, cooked (tripe/ brawn/ brain/ tongue)_l","Offal, cooked (tripe/ brawn/ brain/ tongue)_l","Beef, tripe_d","Offal, cooked (tripe/ brawn/ brain/ tongue)_l","Offal, cooked (tripe/ brawn/ brain/ tongue)_l","Offal, cooked (tripe/ brawn/ brain/ tongue)_l","Liver, lamb, raw_g","Offal, cooked (tripe/ brawn/ brain/ tongue)_l","Beef liver, raw_f","Offal, cooked (tripe/ brawn/ brain/ tongue)_l"
"S","Oilcrops Oil, Other","Vegetable oil (50% sunflower, 30% maize, 20% peanut)_l","Vegetable oil (50% sunflower, 30% maize, 20% peanut)_l","Vegetable oil (50% sunflower, 30% maize, 20% peanut)_l","Vegetable oil (50% sunflower, 30% maize, 20% peanut)_l","Vegetable oil (50% sunflower, 30% maize, 20% peanut)_l","Vegetable oil_d","Vegetable oil (50% sunflower, 30% maize, 20% peanut)_l","Vegetable oil (50% sunflower, 30% maize, 20% peanut)_l","Vegetable oil (50% sunflower, 30% maize, 20% peanut)_l","Sunflower oil_g","Vegetable oil (50% sunflower, 30% maize, 20% peanut)_l","Palm oil_f","Vegetable oil (50% sunflower, 30% maize, 20% peanut)_l"
"S","Oilcrops, Other","Linseed_l","Linseed_l","Linseed_l","Linseed_l","Linseed_l","Sesame seed_d","Linseed_l","Linseed_l","Linseed_l","x_x","Linseed_l","Spices, poppy seed_e","Linseed_l"
"S","Olive Oil","Olive oil_l","Olive oil_l","Olive oil_l","Olive oil_l","Olive oil_l","Vegetable oil_d","Olive oil_l","Olive oil_l","Olive oil_l","Olive oil_g","Olive oil_l","Oil, olive, salad or cooking_e","Olive oil_l"
"S","Olives","Olive, ripe, canned, drained, pitted_l","Olive, ripe, canned, drained, pitted_l","Olive, ripe, canned, drained, pitted_l","Olive, ripe, canned, drained, pitted_l","Olive, ripe, canned, drained, pitted_l","x_x","Olive, ripe, canned, drained, pitted_l","Olive, ripe, canned, drained, pitted_l","Olive, ripe, canned, drained, pitted_l","x_x","Olive, ripe, canned, drained, pitted_l","Olives, pickled, canned or bottled, green_e","Olive, ripe, canned, drained, pitted_l"
"S","Onions","Onion, raw_l","Onion, raw_l","Onion, raw_l","Onion, raw_l","Onion, raw_l","Onion, raw_d","Onion, raw_l","Onion, raw_l","Onion, raw_l","Onion, raw_f","Onion, raw_l","Onion, raw_f","Onion, raw_l"
"S","Oranges, Mandarines","Orange, raw (peeled)_l","Orange, raw (peeled)_l","Orange, raw (peeled)_l","Orange, raw (peeled)_l","Orange, raw (peeled)_l","Orange, raw_d","Orange, raw (peeled)_l","Orange, raw (peeled)_l","Orange, raw (peeled)_l","Orange, raw_f","Orange, raw (peeled)_l","Orange, raw_f","Orange, raw (peeled)_l"
"S","Palm Oil","Palm oil_d","Palm oil_d","Palm oil_d","Palm oil_d","Palm oil_d","Palm oil_d","Palm oil_d","Palm oil_d","Palm oil_d","Palm oil_f","Palm oil_d","Palm oil_f","Palm oil_d"
"S","Palmkernel Oil","Palm kernel oil_l","Palm kernel oil_l","Palm kernel oil_l","Palm kernel oil_l","Palm kernel oil_l","Palm oil_d","Palm oil_d","Palm oil_d","Palm oil_d","Palm oil_f","Palm oil_d","Palm oil_f","Palm oil_d"
"S","Peas","Peas, raw_l","Peas, raw_l","Peas, raw_l","Peas, raw_l","Peas, raw_l","Pea, green, fresh_d","Peas, raw_l","Peas, raw_l","Peas, raw_l","Peas, raw_g","Peas, raw_l","Peas, raw_f","Peas, raw_l"
"S","Pelagic Fish","Fish, high fat, steamed, e.g. Salmon_l","Fish, high fat, steamed, e.g. Salmon_l","Fish, high fat, steamed, e.g. Salmon_l","Fish, high fat, steamed, e.g. Salmon_l","Fish, high fat, steamed, e.g. Salmon_l","Fish, fresh_d","Fish, high fat, steamed, e.g. Salmon_l","Sole, grilled_l","Fish, high fat, steamed, e.g. Salmon_l","Sardine, raw_f","Fish, high fat, steamed, e.g. Salmon_l","Mackerel, spanish, raw_f","Haddock, smoked, steamed_l"
"S","Pepper","Pepper, black_l","Pepper, black_l","Pepper, black_l","Pepper, black_l","Pepper, black_l","x_x","Pepper, black_l","Pepper, black_l","Pepper, black_l","x_x","Pepper, black_l","Spices, pepper, black_e","Pepper, black_l"
"S","Pigmeat","Pork, raw (fat untrimmed)_l","Pork, raw (fat untrimmed)_l","Pork, raw (fat untrimmed)_l","Pork, raw (fat untrimmed)_l","Pork, raw (fat untrimmed)_l","Pork, medium fat, cooked_d","Pork, raw (fat untrimmed)_l","Pork, raw (fat untrimmed)_l","Pork, raw (fat untrimmed)_l","Pork, meat, approx. 40%fat, raw_f","Pork, raw (fat untrimmed)_l","Pork, meat, approx. 40%fat, raw_f","Pork, raw (fat untrimmed)_l"
"S","Pimento","Pepper, sweet, red, raw_l","Pepper, sweet, red, raw_l","Pepper, sweet, red, raw_l","Pepper, sweet, red, raw_l","Pepper, sweet, red, raw_l","Pepper dried or fresh, hot_d","Pepper, sweet, red, raw_l","Pepper, sweet, red, raw_l","Pepper, sweet, red, raw_l","Peppers, capsicum, green, boiled in salted water_g","Pepper, sweet, red, raw_l","Peppers, hot chili, red, raw_e","Pepper, sweet, red, raw_l"
"S","Pineapples","Pineapple, raw (peeled)_l","Pineapple, raw (peeled)_l","Pineapple, raw (peeled)_l","Pineapple, raw (peeled)_l","Pineapple, raw (peeled)_l","Pineapple, raw, all variety_d","Pineapple, raw (peeled)_l","Pineapple, raw (peeled)_l","Pineapple, raw (peeled)_l","Pineapple, pulp, raw_f","Pineapple, raw (peeled)_l","Pineapple, pulp, raw_f","Pineapple, raw (peeled)_l"
"S","Plantains","Plantain, ripe, raw_f","Plantain, ripe, raw_f","Plantain, ripe, raw_f","Plantain, ripe, raw_f","Plantain, ripe, raw_f","Banana, ripe_d","Plantain, ripe, raw_f","Plantain, ripe, raw_f","Plantain, ripe, raw_f","Banana, fruit, raw_f","Plantain, ripe, raw_f","Plantain, ripe, raw_f","Plantain, ripe, raw_f"
"S","Potatoes","Potato, raw (flesh and skin)_l","Potato, raw (flesh and skin)_l","Potato, raw (flesh and skin)_l","Potato, raw (flesh and skin)_l","Potato, raw (flesh and skin)_l","Potato, raw, with skin_d","Potato, raw (flesh and skin)_l","Potato, raw (flesh and skin)_l","Potato, raw (flesh and skin)_l","Potato, raw_f","Potato, raw (flesh and skin)_l","Potato, raw_f","Potato, raw (flesh and skin)_l"
"S","Poultry Meat","Chicken, white meat, fresh, raw_l","Chicken, white meat, fresh, raw_l","Chicken, white meat, fresh, raw_l","Chicken, white meat, fresh, raw_l","Chicken, white meat, fresh, raw_l","Chicken, raw_d","Chicken, white meat, fresh, raw_l","Chicken, white meat, fresh, raw_l","Chicken, white meat, fresh, raw_l","Chicken, flesh only, raw_f","Chicken, white meat, fresh, raw_l","Chicken, flesh only, raw_f","Chicken, white meat, fresh, raw_l"
"S","Pulses, Other","Lentils, split, raw_l","Lentils, split, raw_l","Lentils, split, raw_l","Lentils, split, raw_l","Lentils, split, raw_l","Pigeon peas, raw_d","Lentils, split, raw_l","Lentils, split, raw_l","Lentils, split, raw_l","x_x","Lentils, split, raw_l","F Pigeon peas_c","Lentils, split, raw_l"
"S","Rape and Mustard Oil","Vegetable oil (50% sunflower, 30% maize, 20% peanut)_l","Vegetable oil (50% sunflower, 30% maize, 20% peanut)_l","Vegetable oil (50% sunflower, 30% maize, 20% peanut)_l","Vegetable oil (50% sunflower, 30% maize, 20% peanut)_l","Vegetable oil (50% sunflower, 30% maize, 20% peanut)_l","Vegetable oil_d","Vegetable oil (50% sunflower, 30% maize, 20% peanut)_l","Vegetable oil (50% sunflower, 30% maize, 20% peanut)_l","Vegetable oil (50% sunflower, 30% maize, 20% peanut)_l","Rapeseed oil_g","Vegetable oil (50% sunflower, 30% maize, 20% peanut)_l","Vegetable oil, mustard_e","Vegetable oil (50% sunflower, 30% maize, 20% peanut)_l"
"S","Rice (Milled Equivalent)","Rice flour, white_l","Rice flour, white_l","Rice flour, white_l","Rice flour, white_l","Rice flour, white_l","Rice, white, grain, raw_d","Rice flour, white_l","Rice flour, white_l","Rice flour, white_l","Rice, polished, raw_f","Rice flour, white_l","Rice_c","Rice flour, white_l"
"S","Ricebran Oil","Vegetable oil (50% sunflower, 30% maize, 20% peanut)_l","Vegetable oil (50% sunflower, 30% maize, 20% peanut)_l","Vegetable oil (50% sunflower, 30% maize, 20% peanut)_l","Vegetable oil (50% sunflower, 30% maize, 20% peanut)_l","Vegetable oil (50% sunflower, 30% maize, 20% peanut)_l","Vegetable oil_d","Vegetable oil (50% sunflower, 30% maize, 20% peanut)_l","Vegetable oil (50% sunflower, 30% maize, 20% peanut)_l","Vegetable oil (50% sunflower, 30% maize, 20% peanut)_l","Vegetable oil, blended, average_g","Vegetable oil (50% sunflower, 30% maize, 20% peanut)_l","Oil, vegetable, rice bran_e","Vegetable oil (50% sunflower, 30% maize, 20% peanut)_l"
"S","Roots, Other","Amadumbe/ Taro, tuber, raw (flesh only)_l","Amadumbe/ Taro, tuber, raw (flesh only)_l","Amadumbe/ Taro, tuber, raw (flesh only)_l","Amadumbe/ Taro, tuber, raw (flesh only)_l","Amadumbe/ Taro, tuber, raw (flesh only)_l","Taro, raw_d","Amadumbe/ Taro, tuber, raw (flesh only)_l","Amadumbe/ Taro, tuber, raw (flesh only)_l","Amadumbe/ Taro, tuber, raw (flesh only)_l","x_x","Amadumbe/ Taro, tuber, raw (flesh only)_l","Taro, tuber, raw_f","Amadumbe/ Taro, tuber, raw (flesh only)_l"
"S","Rye","Wheat, whole_l","Wheat, whole_l","Wheat, whole_l","Wheat, whole_l","Wheat, whole_l","Wheat, flour, whole grain_d","Wheat, whole_l","Wheat, whole_l","Wheat, whole_l","Wheat flour, white_f","Wheat, whole_l","Rye_e","Wheat, whole_l"
"S","Sesameseed","Sesame seed, dried, hulled_l","Sesame seed, dried, hulled_l","Sesame seed, dried, hulled_l","Sesame seed, dried, hulled_l","Sesame seed, dried, hulled_l","Sesame seed_d","Sesame seed, dried, hulled_l","Sesame seed, dried, hulled_l","Sesame seed, dried, hulled_l","x_x","Sesame seed, dried, hulled_l","Seeds, sesame seeds, whole, dried_e","Sesame seed, dried, hulled_l"
"S","Sesameseed Oil","Sesame oil_d","Sesame oil_d","Sesame oil_d","Sesame oil_d","Sesame oil_d","Sesame oil_d","Sesame oil_d","Sesame oil_d","Sesame oil_d","Sesame oil_g","Sesame oil_d","Oil, sesame, salad or cooking_e","Sesame oil_d"
"S","Sorghum","Sorghum_d","Sorghum_d","Sorghum_d","Sorghum_d","Sorghum_d","Sorghum_d","Sorghum_d","Sorghum_d","Sorghum_d","Wheat flour, white_f","Sorghum_d","Sorghum_c","Sorghum_d"
"S","Soyabean Oil","Soybean oil_l","Soybean oil_l","Soybean oil_l","Soybean oil_l","Soybean oil_l","Vegetable oil_d","Soybean oil_l","Vegetable oil_d","Soybean oil_l","Soya oil_g","Soybean oil_l","Oil, soybean, salad or cooking_e","Soybean oil_l"
"S","Soyabeans","Soybeans, dried, raw_l","Soybeans, dried, raw_l","Soybeans, dried, raw_l","Soybeans, dried, raw_l","Soybeans, dried, raw_l","Soybean, yellow_d","Soybeans, dried, raw_l","Soybeans, dried, raw_l","Soybeans, dried, raw_l","Soya bean, dried, raw_f","Soybeans, dried, raw_l","Soya bean, dried, raw_f","Soybeans, dried, raw_l"
"S","Spices, Other","Turmeric, ground_l","Turmeric, ground_l","Turmeric, ground_l","Turmeric, ground_l","Turmeric, ground_l","x_x","Turmeric, ground_l","Turmeric, ground_l","Turmeric, ground_l","x_x","Turmeric, ground_l","Spices, turmeric, ground_e","Turmeric, ground_l"
"S","Sugar (Raw Equivalent)","Sugar, white, granulated_l","Sugar, white, granulated_l","Sugar, white, granulated_l","Sugar, white, granulated_l","Sugar, white, granulated_l","Sugar_d","Sugar, white, granulated_l","Sugar, white, granulated_l","Sugar, white, granulated_l","Sugar, white_f","Sugar, white, granulated_l","Sugar, white_f","Sugar, white, granulated_l"
"S","Sugar Beet","Beetroot, raw (flesh and skin)_l","Beetroot, raw (flesh and skin)_l","Beetroot, raw (flesh and skin)_l","Beetroot, raw (flesh and skin)_l","Beetroot, raw (flesh and skin)_l","x_x","Beetroot, raw (flesh and skin)_l","Beetroot, raw (flesh and skin)_l","Beetroot, raw (flesh and skin)_l","x_x","Beetroot, raw (flesh and skin)_l","Beets, raw_e","Beetroot, raw (flesh and skin)_l"
"S","Sugar Cane","Sugarcane_d","Sugarcane_d","Sugarcane_d","Sugarcane_d","Sugarcane_d","Sugarcane_d","Sugarcane_d","Sugarcane_d","Sugarcane_d","Sugar, white_f","Sugarcane_d","Sugar, white_f","Sugarcane_d"
"S","Sugar, Non-Centrifugal","Sugarcane juice_d","Sugarcane juice_d","Sugarcane juice_d","Sugarcane juice_d","Sugarcane juice_d","Sugarcane juice_d","Sugarcane juice_d","Sugarcane juice_d","Sugarcane juice_d","Sugar, white_f","Sugarcane juice_d","Sugar, white_f","Sugarcane juice_d"
"S","Sunflowerseed","Sunflower seed, dried_l","Sunflower seed, dried_l","Sunflower seed, dried_l","Sunflower seed, dried_l","Sunflower seed, dried_l","Sunflower seed_d","Sunflower seed, dried_l","Sunflower seed, dried_l","Sunflower seed, dried_l","x_x","Sunflower seed, dried_l","Seeds, sunflower seed kernels, dried_e","Sunflower seed, dried_l"
"S","Sunflowerseed Oil","Sunflower oil_l","Sunflower oil_l","Sunflower oil_l","Sunflower oil_l","Sunflower oil_l","Vegetable oil_d","Sunflower oil_l","Sunflower oil_l","Sunflower oil_l","Sunflower oil_g","Sunflower oil_l","Oil, vegetable, sunflower, linoleic, (approx. 65%)_e","Sunflower oil_l"
"S","Sweet Potatoes","Sweet potato (White fleshed), raw (flesh only)_l","Sweet potato (White fleshed), raw (flesh only)_l","Sweet potato (White fleshed), raw (flesh only)_l","Sweet potato (White fleshed), raw (flesh only)_l","Sweet potato (White fleshed), raw (flesh only)_l","Sweet potato, fresh-EP_d","Sweet potato (White fleshed), raw (flesh only)_l","Sweet potato (White fleshed), raw (flesh only)_l","Sweet potato (White fleshed), raw (flesh only)_l","Sweet potato, raw_f","Sweet potato (White fleshed), raw (flesh only)_l","Sweet potato, raw_f","Sweet potato (White fleshed), raw (flesh only)_l"
"S","Sweeteners, Other","Sweeteners, tabletop, fructose, dry, powder_e","Sweeteners, tabletop, fructose, dry, powder_e","Sweeteners, tabletop, fructose, dry, powder_e","Sweeteners, tabletop, fructose, dry, powder_e","Sweeteners, tabletop, fructose, dry, powder_e","x_x","Sweeteners, tabletop, fructose, dry, powder_e","Sweeteners, tabletop, fructose, dry, powder_e","Sweeteners, tabletop, fructose, dry, powder_e","x_x","Sweeteners, tabletop, fructose, dry, powder_e","Sweeteners, tabletop, fructose, dry, powder_e","Sweeteners, tabletop, fructose, dry, powder_e"
"S","Tea","Tea, brewed_l","Tea, brewed_l","Tea, brewed_l","Tea, brewed_l","Tea, brewed_l","Tea leaves_d","Tea, brewed_l","Tea, brewed_l","Tea, brewed_l","Tea, infusion_f","Tea, brewed_l","Tea, infusion_f","Tea, brewed_l"
"S","Tomatoes","Tomato, raw_l","Tomato, raw_l","Tomato, raw_l","Tomato, raw_l","Tomato, raw_l","Tomato, ripe_d","Tomato, raw_l","Tomato, raw_l","Tomato, raw_l","Tomato, raw_f","Tomato, raw_l","Tomato, raw_f","Tomato, raw_l"
"S","Vegetables, Other","Cabbage, Chinese (Pe-tsai), raw_l","Cabbage, Chinese (Pe-tsai), raw_l","Cabbage, Chinese (Pe-tsai), raw_l","Cabbage, Chinese (Pe-tsai), raw_l","Cabbage, Chinese (Pe-tsai), raw_l","Cabbage, raw, green, white_d","Cabbage, Chinese (Pe-tsai), raw_l","Cabbage, Chinese (Pe-tsai), raw_l","Cabbage, Chinese (Pe-tsai), raw_l","Cabbage, raw, average_g","Cabbage, Chinese (Pe-tsai), raw_l","Cabbage, raw_f","Cabbage, Chinese (Pe-tsai), raw_l"
"S","Wheat","Wheat, whole_l","Wheat, whole_l","Wheat, whole_l","Wheat, whole_l","Wheat, whole_l","Wheat, flour, whole grain_d","Wheat, whole_l","Wheat, whole_l","Wheat, whole_l","Wheat flour, white_f","Wheat, whole_l","Wheat flour, white_f","Wheat, whole_l"
"S","Wine","Wine, red/ white/ rose, dry/ semi-sweet/ sparkling (alc 12% v/v; 9.4% w/w)_l","Wine, red/ white/ rose, dry/ semi-sweet/ sparkling (alc 12% v/v; 9.4% w/w)_l","Wine, red/ white/ rose, dry/ semi-sweet/ sparkling (alc 12% v/v; 9.4% w/w)_l","Wine, red/ white/ rose, dry/ semi-sweet/ sparkling (alc 12% v/v; 9.4% w/w)_l","Wine, red/ white/ rose, dry/ semi-sweet/ sparkling (alc 12% v/v; 9.4% w/w)_l","Grape juice_d","Wine, red/ white/ rose, dry/ semi-sweet/ sparkling (alc 12% v/v; 9.4% w/w)_l","Wine, red/ white/ rose, dry/ semi-sweet/ sparkling (alc 12% v/v; 9.4% w/w)_l","Wine, red/ white/ rose, dry/ semi-sweet/ sparkling (alc 12% v/v; 9.4% w/w)_l","x_x","Wine, red/ white/ rose, dry/ semi-sweet/ sparkling (alc 12% v/v; 9.4% w/w)_l","Alcoholic beverage, wine, table, all_e","Wine, red/ white/ rose, dry/ semi-sweet/ sparkling (alc 12% v/v; 9.4% w/w)_l"
"S","Yams","Yam, raw_d","Yam, raw_d","Yam, raw_d","Yam, raw_d","Yam, raw_d","Yam, raw_d","Yam, raw_d","Yam, raw_d","Yam, raw_d","x_x","Yam, raw_d","Yam tuber, raw_f","Yam, raw_d"
"W","Apples","Apple, raw_k","Apple, raw_k","Apple, raw_k","Apple, raw_k","Apple, average, raw_l","Apples, raw, with skin_d","Apple, raw_k","Apples, raw, with skin_d","Apple, raw_k","Apples, eating, average, raw_g","Apple, average, raw_l","Apples, raw, with skin_e","Apple, raw_k"
"W","Aquatic Animals, Others","Fish, fresh_d","Fish, fresh_d","Fish, fresh_d","Fish, fresh_d","White grouper, raw_f","Fish, fresh_d","Fish, fresh_d","Fish, fresh_d","Sardine, raw_f","Mackerel, spanish, raw_f","Fish, fresh_d","Matemba (fresh)_c","Sardine, raw_f"
"W","Aquatic Plants","Seaweed, agar, raw_e","Seaweed, agar, raw_e","Seaweed, agar, raw_e","Seaweed, agar, raw_e","Seaweed, agar, raw_e","x_x","Seaweed, agar, raw_e","Seaweed, agar, raw_e","Seaweed, agar, raw_e","Seaweed, nori, dried, raw_g","Seaweed, agar, raw_e","Seaweed, agar, raw_e","Seaweed, agar, raw_e"
"W","Bananas","Banana, fruit, raw_f","Banana, fruit, raw_f","Banana, fruit, raw_f","Banana, fruit, raw_f","Banana, fruit, raw_f","Banana_j","Banana, fruit, raw_f","Banana, fruit, raw_f","Banana, fruit, raw_f","Banana, fruit, raw_f","Banana, fruit, raw_f","Banana, fruit, raw_f","Banana, fruit, raw_f"
"W","Barley","Barley, pearled, cooked_l","Barley, pearled, cooked_l","Barley, pearled, cooked_l","Barley, pearled, cooked_l","Barley, pearled, cooked_l","Barley, white flour: roasted, milled_m","Barley, pearled, cooked_l","Barley, pearled, cooked_l","Barley, white flour: roasted, milled_m","Wheat flour, white_f","Barley, pearled, cooked_l","Barley, pearled, raw_e","Barley, white flour: roasted, milled_m"
"W","Beans","Beans, sugar, dried, raw_j","Beans, sugar, dried, raw_j","Beans, sugar, dried, raw_j","Beans, sugar, dried, raw_j","Beans, sugar, dried, raw_l","Beans, kidney, mature seeds, raw_j","Beans, sugar, dried, raw_j","Beans, sugar, dried, raw_d","Beans, sugar, dried, raw_j","Bean, raw_f","Beans, sugar, dried, raw_j","Bengal beans_c","Beans, sugar, dried, raw_j"
"W","Beer","Beer europe (4.4% alcohol)_f","Beer europe (4.4% alcohol)_f","Beer europe (4.4% alcohol)_f","Beer europe (4.4% alcohol)_f","Beer europe (4.4% alcohol)_f","Beer, commercial_d","Beer europe (4.4% alcohol)_f","Beer europe (4.4% alcohol)_f","Beer europe (4.4% alcohol)_f","Beer europe (4.4% alcohol)_f","Beer europe (4.4% alcohol)_f","Beer europe (4.4% alcohol)_f","Beer europe (4.4% alcohol)_f"
"W","Beverages, Alcoholic","Spirit, Brandy/ Gin/ Whisky/ Cane/ Vodka/ Rum (alc 43% v/v; 36% w/w)_l","Spirit, Brandy/ Gin/ Whisky/ Cane/ Vodka/ Rum (alc 43% v/v; 36% w/w)_l","Spirit, Brandy/ Gin/ Whisky/ Cane/ Vodka/ Rum (alc 43% v/v; 36% w/w)_l","Spirit, Brandy/ Gin/ Whisky/ Cane/ Vodka/ Rum (alc 43% v/v; 36% w/w)_l","Spirit, Brandy/ Gin/ Whisky/ Cane/ Vodka/ Rum (alc 43% v/v; 36% w/w)_l","x_x","spirits (gin, rum, vodka, whiskey)_i","Liqueur (alc 30% v/v; 22% w/w)_l","spirits (gin, rum, vodka, whiskey)_i","Spirits, 40% volume_g","Spirit, Brandy/ Gin/ Whisky/ Cane/ Vodka/ Rum (alc 43% v/v; 36% w/w)_l","Alcoholic beverage, distilled, all (gin, rum, vodka, whiskey) 80 proof_e","spirits (gin, rum, vodka, whiskey)_i"
"W","Beverages, Fermented","Beer, maize (estimated 3% alcohol)_f","Beer, maize (estimated 3% alcohol)_f","Beer, maize (estimated 3% alcohol)_f","Beer, maize (estimated 3% alcohol)_f","Beer, maize (estimated 3% alcohol)_f","Beer, local, grain_d","Beer, maize (estimated 3% alcohol)_f","Beer, local, grain_d","Beer, local, grain_d","Fermented maize flour_o","Beer, sorghum (alc 2-3% w/w)_l","Sorghum porridge_c","maize, gruel_k"
"W","Bovine Meat","Beef, meat, approx. 20%fat, raw_f","Beef, meat, approx. 20%fat, raw_f","Beef, meat, approx. 20%fat, raw_f","Beef, meat, approx. 20%fat, raw_f","Beef, meat, approx. 20%fat, raw_f","Beef, medium fat, cooked_d","Beef, meat, approx. 20%fat, raw_f","Beef, meat, approx. 20%fat, raw_f","Beef, meat, approx. 20%fat, raw_f","Beef, meat, approx. 20%fat, raw_f","Beef, meat, approx. 20%fat, raw_f","Beef, meat, approx. 20%fat, raw_f","Beef, meat, approx. 20%fat, raw_f"
"W","Butter, Ghee","Shea butter_k","Shea butter_k","Shea butter_k","Shea butter_k","Butter ghee (clarified butter)_l","Butter refined-ghee_d","Shea butter_k","Butter ghee (clarified butter)_l","Shea butter_k","Ghee, palm_g","Butter ghee (clarified butter)_l","Ghee, butter_g","Shea butter_k"
"W","Cassava","Cassava, raw_f","Cassava, raw_f","Cassava, raw_f","Cassava, raw_f","Cassava, raw_f","Cassava, raw_d","Cassava, raw_f","Cassava, raw_f","Cassava, raw_f","Cassava, Dar es Salaam_n","Cassava, raw_f","Cassava, raw_f","Cassava, raw_f"
"W","Cephalopods","Mollusks, squid, mixed species, raw_e","Mollusks, squid, mixed species, raw_e","Mollusks, squid, mixed species, raw_e","Mollusks, squid, mixed species, raw_e","Mollusks, squid, mixed species, raw_e","Shellfish, boiled_j","Mollusks, squid, mixed species, raw_e","Mollusks, squid, mixed species, raw_e","squid, raw_i","Squid, raw_g","Mollusks, squid, mixed species, raw_e","Mollusks, squid, mixed species, raw_e","squid, raw_i"
"W","Cereals, Other","Fonio, white, whole grain, raw_f","Fonio, white, whole grain, raw_f","Fonio, white, whole grain, raw_f","Fonio, white, whole grain, raw_f","Fonio, white, whole grain, raw_f","Wheat, flour, whole grain_d","Fonio, white, whole grain, raw_f","Fonio, white, whole grain, raw_f","Fonio, white, whole grain, raw_f","Wheat flour, white_f","Fonio, white, whole grain, raw_f","Wheat flour, white_f","Fonio, white, whole grain, raw_f"
"W","Citrus, Other","Orange, raw_f","Orange, raw_f","Orange, raw_f","Orange, raw_f","Orange, raw_f","Oranges_j","Orange, raw_f","Orange, raw (peeled)_l","Orange, raw_f","Orange, raw_f","Orange, raw_f","Orange, raw_f","Lime_j"
"W","Cloves","Spices, cloves, ground_e","Spices, cloves, ground_e","Spices, cloves, ground_e","Spices, cloves, ground_e","Spices, cloves, ground_e","x_x","Spices, cloves, ground_e","Spices, cloves, ground_e","Spices, cloves, ground_e","x_x","Spices, cloves, ground_e","Spices, cloves, ground_e","Spices, cloves, ground_e"
"W","Cocoa Beans","Cocoa powder_l","Cocoa powder_l","Cocoa powder_l","Cocoa powder_l","Cocoa powder_l","x_x","Cocoa powder_l","Cocoa powder_l","Cocoa powder_l","x_x","Cocoa powder_l","Cocoa, dry powder, unsweetened_e","Cocoa powder_l"
"W","Coconut Oil","Coconut oil_f","Coconut oil_l","Coconut oil_f","Coconut oil_f","Coconut oil_l","Coconut oil_d","Coconut oil_f","Coconut oil_f","Coconut oil_f","Coconut oil_f","Coconut oil_f","Coconut oil_f","Coconut oil_f"
"W","Coconuts - Incl Copra","Coconut, raw_f","Coconut, raw_f","Coconut, raw_f","Coconut, raw_f","Coconut, raw_f","Coconut meat, raw_d","Coconut, raw_f","Coconut, raw_f","Coconut, raw_f","Coconut, raw_f","Coconut, raw_f","Coconut, raw_e","Coconut, raw_f"
"W","Coffee","Coffee, brewed/ instant_l","Coffee, brewed/ instant_l","Coffee, brewed/ instant_l","Coffee, brewed/ instant_l","Coffee, brewed/ instant_l","Coffee without milk, with sugar,_d","Coffee, brewed/ instant_l","Coffee, brewed/ instant_l","Coffee, brewed/ instant_l","Coffee, infusion, strong_g","Coffee, brewed/ instant_l","Coffee, brewed from grounds, prepared with tap water_e","Coffee, brewed/ instant_l"
"W","Cottonseed Oil","Cottonseed oil_l","Cottonseed oil_l","Cottonseed oil_l","Cottonseed oil_l","Cottonseed oil_l","Vegetable oil_d","Vegetable oil_d","Vegetable oil_d","Vegetable oil_d","Cottonseed oil_g","Vegetable oil_d","Cottonseed oil_g","Vegetable oil_d"
"W","Cream","Cream, fresh, dessert (min 20% fat)_l","Cream, fresh, dessert (min 20% fat)_l","Cream, fresh, dessert (min 20% fat)_l","Cream, fresh, dessert (min 20% fat)_l","Cream, fresh, dessert (min 20% fat)_l","Ice cream_d","Cream, fresh, dessert (min 20% fat)_l","Cream, fresh, dessert (min 20% fat)_l","Cream, fresh, dessert (min 20% fat)_l","Cream, fresh, double, including Jersey cream_g","Cream, fresh, dessert (min 20% fat)_l","Cream, fresh, double, including Jersey cream_g","Cream, fresh, dessert (min 20% fat)_l"
"W","Crustaceans","Shellfish, boiled_j","Shellfish, boiled_j","Shellfish, boiled_j","Shellfish, boiled_j","Shellfish, boiled_j","Shellfish, boiled_j","Shellfish, boiled_j","Crab, fresh, cooked_l","Shellfish, boiled_j","Lobster, boiled_g","Shellfish, boiled_j","Crustaceans, crab, blue, raw_e","Shellfish, boiled_j"
"W","Dates","Dates, raw_k","Dates, raw_k","Dates, raw_k","Dates, raw_k","Date, raw_l","Date, red, dried_d","Date, raw_l","Date, raw_l","Dates, raw_k","x_x","Date, raw_l","Dates, deglet noor_e","Date, raw_l"
"W","Demersal Fish","White grouper, raw_f","White grouper, raw_f","White grouper, raw_f","White grouper, raw_f","White grouper, raw_f","Fish (unspecified) flesh only_j","White grouper, raw_f","White grouper, raw_f","White grouper, raw_f","Mackerel, spanish, raw_f","White grouper, raw_f","White grouper, raw_f","White grouper, raw_f"
"W","Eggs","Egg, raw_f","Egg, raw_f","Egg, raw_f","Egg, raw_f","Egg, raw_f","Egg_j","Egg, raw_f","Egg, raw_f","Egg, raw_f","Egg, raw_f","Egg, raw_f","Egg, raw_f","Egg, raw_f"
"W","Fats, Animals, Raw","Lard_l","Lard_l","Lard_l","Lard_l","Lard_l","Vegetable oil_d","Lard_l","Lard_l","Lard_l","Lard_g","Lard_l","LARD_e","Lard_l"
"W","Fish, Body Oil","Cod liver oil_l","Cod liver oil_l","Cod liver oil_l","Cod liver oil_l","Cod liver oil_l","Cod liver oil_d","Cod liver oil_l","Cod liver oil_l","Cod liver oil_l","Cod liver oil_g","Cod liver oil_l","Fish oil, sardine_e","Cod liver oil_l"
"W","Fish, Liver Oil","Cod liver oil_l","Cod liver oil_l","Cod liver oil_l","Cod liver oil_l","Cod liver oil_l","Cod liver oil_d","Cod liver oil_l","Cod liver oil_l","Cod liver oil_l","Cod liver oil_g","Cod liver oil_l","Fish oil, cod liver_e","Cod liver oil_l"
"W","Freshwater Fish","African butter catfish, raw_k","African butter catfish, raw_k","African butter catfish, raw_k","African butter catfish, raw_k","Furo, flesh only_j","Furo, flesh only_j","Tilapia, fried_h","Tilapia, fried_h","Challo, flesh only_j","Trout, rainbow, grilled, weighed with bones and skin_g","Challo, flesh only_j","Matemba (fresh)_c","Tilapia, fried_h"
"W","Fruits, Other","Mango, ripe, fruit, raw_f","Mango, ripe, fruit, raw_f","Mango, ripe, fruit, raw_f","Mango, ripe, fruit, raw_f","Mango, ripe, fruit, raw_f","Mangoes_j","Mango, ripe, fruit, raw_f","Mango, ripe, fruit, raw_f","Mango, ripe, fruit, raw_f","Mango, ripe, fruit, raw_f","Mango, ripe, fruit, raw_f","Mango, ripe, fruit, raw_f","Mango, ripe, fruit, raw_f"
"W","Grapefruit","Grapefruit, raw_k","Grapefruit, raw_k","Grapefruit, raw_k","Grapefruit, raw_k","Grapefruit, raw (peeled)_l","Grapefruit_d","Grapefruit, raw_k","Grapefruit, raw (peeled)_l","Grapefruit, raw_k","Oranges_g","Grapefruit_d","Grapefruit, raw, pink and red and white, all areas_e","Grapefruit, raw_k"
"W","Grapes","Grape, raw_k","Grape, raw_k","Grape, raw_k","Grape, raw_k","Grape, average, raw_l","Grape_d","Grape, raw_k","Grape, average, raw_l","Grape, raw_k","Grapes, average_g","Grape, average, raw_l","Grapes, red or green (european type varieties, such as, Thompson seedless), raw_e","Grape, raw_k"
"W","Groundnut Oil","Groundnut oil_f","Groundnut oil_f","Groundnut oil_f","Groundnut oil_f","Groundnut oil_f","Groundnut oil_j","Groundnut oil_f","Groundnut oil_f","Groundnut oil_f","Groundnut oil_f","Groundnut oil_f","Groundnut oil_f","Groundnut oil_f"
"W","Groundnuts (Shelled Eq)","Groundnut, dried, raw_f","Groundnut, dried, raw_f","Groundnut, dried, raw_f","Groundnut, dried, raw_f","Groundnut, dried, raw_f","Groundnuts, fresh, raw_j","Groundnut, dried, raw_f","Groundnut, dried, raw_f","Groundnut, dried, raw_f","Groundnut, dried, raw_f","Groundnut, dried, raw_f","Groundnut, dried, raw_f","Groundnut, dried, raw_f"
"W","Honey","Honey_f","Honey_f","Honey_f","Honey_f","Honey_f","Honey_j","Honey_f","Honey_f","Honey_f","Honey_f","Honey_f","Honey_f","Honey_f"
"W","Lemons, Limes","Lemon, fruit, raw_f","Lemon, fruit, raw_f","Lemon, fruit, raw_f","Lemon, fruit, raw_f","Lemon, fruit, raw_f","Lime_j","Lemon, fruit, raw_f","Lemon, fruit, raw_f","Lemon, fruit, raw_f","Oranges_g","Lemon, fruit, raw_f","Lemon, fruit, raw_f","Lemon, fruit, raw_f"
"W","Maize","Maize, white, whole, dried, raw_f","Maize, white, whole, dried, raw_f","Maize, white, whole, dried, raw_f","Maize, white, whole, dried, raw_f","Maize, white, whole, dried, raw_f","Corn Flour 95% extraction_h","Maize, white, whole, dried, raw_f","Maize, white, whole, dried, raw_f","Maize, white, whole, dried, raw_f","Maize, yellow, dried, raw_f","Maize, white, whole, dried, raw_f","Maize, white, whole, dried, raw_f","Maize, white, whole, dried, raw_f"
"W","Maize Germ Oil","Maize oil_l","Maize oil_l","Maize oil_l","Maize oil_l","Maize oil_l","Vegetable oil_j","Vegetable oil_d","Vegetable oil_d","Vegetable oil_d","Wheatgerm oil_g","Vegetable oil_d","Wheatgerm oil_g","Vegetable oil_d"
"W","Marine Fish, Other","Sardine, raw_f","Sardine, raw_f","Sardine, raw_f","Sardine, raw_f","Sardine, raw_f","Fish (unspecified) flesh only_j","Sardine, raw_f","Sardine, raw_f","Sardine, raw_f","Sardine, raw_f","Sardine, raw_f","Sardine, raw_f","Sardine, raw_f"
"W","Meat, Aquatic Mammals","Whale, beluga, meat, raw (Alaska Native)_e","Whale, beluga, meat, raw (Alaska Native)_e","Whale, beluga, meat, raw (Alaska Native)_e","Whale, beluga, meat, raw (Alaska Native)_e","Sardine, raw_f","Fish, fresh_d","Whale, beluga, meat, raw (Alaska Native)_e","Sole, grilled_l","Sole, grilled_l","Sardine, raw_f","Fish, fresh_d","Fish, herring, Pacific, raw_e","Sole, grilled_l"
"W","Meat, Other","Rabbit, meat, raw_f","Rabbit, meat, raw_f","Rabbit, meat, raw_f","Rabbit, meat, raw_f","Rabbit, meat, raw_f","Goat meat_d","Rabbit, meat, raw_f","Rabbit, meat, raw_f","Rabbit, meat, raw_f","Rabbit, meat, raw_f","Rabbit, meat, raw_f","Rabbit, meat, raw_f","Rabbit, meat, raw_f"
"W","Milk - Excluding Butter","Milk, cow, whole, raw_f","Milk, cow, whole, raw_f","Milk, cow, whole, raw_f","Milk, cow, whole, raw_f","Milk, cow, whole, raw_f","Milk, cows_j","Milk, cow, whole, raw_f","Milk, cow, whole, raw_f","Milk, cow, whole, raw_f","Milk, cow, whole, raw_f","Milk, cow, whole, raw_f","Milk, cow, whole, raw_f","Milk, cow, whole, raw_f"
"W","Millet","Pearl millet, raw_f","Pearl millet, raw_f","Pearl millet, raw_f","Pearl millet, raw_f","Pearl millet, raw_f","Millet, finger, grain or flour_d","Pearl millet, raw_f","Pearl millet, raw_f","Pearl millet, raw_f","Wheat flour, white_f","Pearl millet, raw_f","Millet flour_c","Pearl millet, raw_f"
"W","Molluscs, Other","Oyster, raw_l","Oyster, raw_l","Oyster, raw_l","Oyster, raw_l","Oyster, raw_l","Shellfish, boiled_j","Oyster, raw_l","Snail_h","Mollusks, snail, raw_e","x_x","Oyster, raw_l","Mollusks, snail, raw_e","Snail_h"
"W","Mutton & Goat Meat","Lamb, meat not specified, raw_f","Lamb, meat not specified, raw_f","Lamb, meat not specified, raw_f","Lamb, meat not specified, raw_f","Lamb, meat not specified, raw_f","Goat meat_d","Lamb, meat not specified, raw_f","Lamb, meat not specified, raw_f","Lamb, meat not specified, raw_f","Lamb, meat not specified, raw_f","Lamb, meat not specified, raw_f","Lamb, meat not specified, raw_f","Lamb, meat not specified, raw_f"
"W","Nuts","Cashew nut, raw_f","Cashew nut, raw_f","Cashew nut, raw_f","Cashew nut, raw_f","Cashew nut, raw_f","Cashewnut_d","Cashew nut, raw_f","Cashew nut, raw_f","Cashew nut, raw_f","Cashew nut, raw_f","Cashew nut, raw_f","Cashew nut, raw_f","Cashew nut, raw_f"
"W","Oats","Oats, rolled or oatmeal, uncooked_l","Oats, rolled or oatmeal, uncooked_l","Oats, rolled or oatmeal, uncooked_l","Oats, rolled or oatmeal, uncooked_l","Oats, rolled or oatmeal, uncooked_l","Wheat, flour, whole grain_d","Oats, rolled or oatmeal, uncooked_l","Oats, rolled or oatmeal, uncooked_l","Oats, rolled or oatmeal, uncooked_l","Wheat flour, white_f","Oats, rolled or oatmeal, uncooked_l","Wheat flour, white_f","Oats, rolled or oatmeal, uncooked_l"
"W","Offals, Edible","Beef liver, raw_f","Beef liver, raw_f","Beef liver, raw_f","Beef liver, raw_f","Beef liver, raw_f","Beef, tripe_d","Beef liver, raw_f","Beef liver, raw_f","Beef liver, raw_f","Liver, lamb, raw_g","Beef liver, raw_f","Beef liver, raw_f","Beef liver, raw_f"
"W","Oilcrops Oil, Other","Palm oil_f","Palm oil_f","Palm oil_f","Palm oil_f","Palm oil_f","Vegetable oil_d","Vegetable oil (50% sunflower, 30% maize, 20% peanut)_l","Vegetable oil_d","Vegetable oil_d","Sunflower oil_g","Vegetable oil (50% sunflower, 30% maize, 20% peanut)_l","Palm oil_f","Vegetable oil_d"
"W","Oilcrops, Other","Linseed_l","Linseed_l","Linseed_l","Linseed_l","Linseed_l","Sesame seed_d","Linseed_l","Linseed_l","Linseed_l","x_x","Linseed_l","Spices, poppy seed_e","Linseed_l"
"W","Olive Oil","Olive oil_l","Olive oil_l","Olive oil_l","Olive oil_l","Olive oil_l","Vegetable oil_d","Olive oil_l","Olive oil_l","Olive oil_l","Olive oil_g","Olive oil_l","Oil, olive, salad or cooking_e","Olive oil_l"
"W","Olives","Olive, ripe, canned, drained, pitted_l","Olive, ripe, canned, drained, pitted_l","Olive, ripe, canned, drained, pitted_l","Olive, ripe, canned, drained, pitted_l","Olive, ripe, canned, drained, pitted_l","x_x","Olive, ripe, canned, drained, pitted_l","Olive, ripe, canned, drained, pitted_l","Olive, ripe, canned, drained, pitted_l","x_x","Olive, ripe, canned, drained, pitted_l","Olives, pickled, canned or bottled, green_e","Olive, ripe, canned, drained, pitted_l"
"W","Onions","Onion, raw_f","Onion, raw_f","Onion, raw_f","Onion, raw_f","Onion, raw_f","Onions_j","Onion, raw_f","Onion, raw_f","Onion, raw_f","Onion, raw_f","Onion, raw_f","Onion, raw_f","Onion, raw_f"
"W","Oranges, Mandarines","Orange, raw_f","Orange, raw_f","Orange, raw_f","Orange, raw_f","Orange, raw_f","Oranges_j","Orange, raw_f","Orange, raw_f","Orange, raw_f","Orange, raw_f","Orange, raw_f","Orange, raw_f","Orange, raw_f"
"W","Palm Oil","Palm oil_f","Palm oil_f","Palm oil_f","Palm oil_f","Palm oil_f","Palm oil_j","Palm oil_f","Palm oil_f","Palm oil_f","Palm oil_f","Palm oil_f","Palm oil_f","Palm oil_f"
"W","Palmkernel Oil","Palm kernel oil_l","Palm kernel oil_l","Palm kernel oil_l","Palm kernel oil_l","Palm kernel oil_l","Palm oil_d","Palm oil_f","Palm oil_f","Palm oil_f","Palm oil_f","Palm oil_f","Palm oil_f","Palm oil_f"
"W","Peas","Peas, raw_l","Peas, raw_l","Peas, raw_l","Peas, raw_l","Peas, raw_l","Pea, green, fresh_d","Peas, raw_l","Peas, raw_l","Peas, raw_l","Peas, raw_g","Peas, raw_l","Peas, raw_f","Peas, raw_l"
"W","Pelagic Fish","Mackerel, spanish, raw_f","Mackerel, spanish, raw_f","Mackerel, spanish, raw_f","Mackerel, spanish, raw_f","Mackerel, spanish, raw_f","Fish (unspecified) flesh only_j","Mackerel, spanish, raw_f","Mackerel, spanish, raw_f","Mackerel, spanish, raw_f","Sardine, raw_f","Mackerel, spanish, raw_f","Mackerel, spanish, raw_f","Mackerel, spanish, raw_f"
"W","Pepper","Pepper, black_k","Pepper, black_k","Pepper, black_k","Pepper, black_k","Pepper, black_l","x_x","Pepper, black_k","Pepper, black_l","Pepper, black_k","x_x","Pepper, black_l","Spices, pepper, black_e","Pepper, black_k"
"W","Pigmeat","Pork, meat, approx. 40%fat, raw_f","Pork, meat, approx. 40%fat, raw_f","Pork, meat, approx. 40%fat, raw_f","Pork, meat, approx. 40%fat, raw_f","Pork, meat, approx. 40%fat, raw_f","Pork, medium fat, cooked_d","Pork, meat, approx. 40%fat, raw_f","Pork, meat, approx. 40%fat, raw_f","Pork, meat, approx. 40%fat, raw_f","Pork, meat, approx. 40%fat, raw_f","Pork, meat, approx. 40%fat, raw_f","Pork, meat, approx. 40%fat, raw_f","Pork, meat, approx. 40%fat, raw_f"
"W","Pimento","Chilli pepper, fresh_j","Chilli pepper, fresh_j","Chilli pepper, fresh_j","Chilli pepper, fresh_j","Chilli pepper, fresh_j","Chilli pepper, fresh_j","Hot Pepper_h","Hot Pepper_h","Chilli pepper, fresh_j","Peppers, capsicum, green, boiled in salted water_g","Chilli pepper, fresh_j","Peppers, hot chili, red, raw_e","Hot Pepper_h"
"W","Pineapples","Pineapple, pulp, raw_f","Pineapple, pulp, raw_f","Pineapple, pulp, raw_f","Pineapple, pulp, raw_f","Pineapple, pulp, raw_f","Pineapple, raw, all variety_d","Pineapple, pulp, raw_f","Pineapple, pulp, raw_f","Pineapple, pulp, raw_f","Pineapple, pulp, raw_f","Pineapple, pulp, raw_f","Pineapple, pulp, raw_f","Pineapple, pulp, raw_f"
"W","Plantains","Plantain, ripe, raw_f","Plantain, ripe, raw_f","Plantain, ripe, raw_f","Plantain, ripe, raw_f","Plantain, ripe, raw_f","Banana, ripe_d","Plantain, ripe, raw_f","Plantain, ripe, raw_f","Plantain, ripe, raw_f","Banana, fruit, raw_f","Plantain, ripe, raw_f","Plantain, ripe, raw_f","Plantain, ripe, raw_f"
"W","Potatoes","Potato, raw_f","Potato, raw_f","Potato, raw_f","Potato, raw_f","Potato, raw_f","Potato, raw, with skin_d","Potato, raw_f","Potato, raw_f","Potato, raw_f","Potato, raw_f","Potato, raw_f","Potato, raw_f","Potato, raw_f"
"W","Poultry Meat","Chicken, flesh only, raw_f","Chicken, flesh only, raw_f","Chicken, flesh only, raw_f","Chicken, flesh only, raw_f","Chicken, flesh only, raw_f","Chicken, boiled_j","Chicken, flesh only, raw_f","Chicken, flesh only, raw_f","Chicken, flesh only, raw_f","Chicken, flesh only, raw_f","Chicken, flesh only, raw_f","Chicken, flesh only, raw_f","Chicken, flesh only, raw_f"
"W","Pulses, Other","Cowpea, dried, raw_f","Cowpea, dried, raw_f","Cowpea, dried, raw_f","Cowpea, dried, raw_f","Cowpea, dried, raw_f","Pigeon peas, raw_d","Cowpea, dried, raw_f","Cowpea, dried, raw_f","Cowpea, dried, raw_f","x_x","Cowpea, dried, raw_f","Cowpea, dried, raw_f","Cowpea, dried, raw_f"
"W","Rape and Mustard Oil","Vegetable oil (50% sunflower, 30% maize, 20% peanut)_l","Vegetable oil (50% sunflower, 30% maize, 20% peanut)_l","Vegetable oil (50% sunflower, 30% maize, 20% peanut)_l","Vegetable oil (50% sunflower, 30% maize, 20% peanut)_l","Vegetable oil (50% sunflower, 30% maize, 20% peanut)_l","Vegetable oil_d","Vegetable oil (50% sunflower, 30% maize, 20% peanut)_l","Vegetable oil (50% sunflower, 30% maize, 20% peanut)_l","Vegetable oil (50% sunflower, 30% maize, 20% peanut)_l","Rapeseed oil_g","Vegetable oil (50% sunflower, 30% maize, 20% peanut)_l","Vegetable oil, mustard_e","Vegetable oil (50% sunflower, 30% maize, 20% peanut)_l"
"W","Rice (Milled Equivalent)","Rice, white, raw_f","Rice, white, raw_f","Rice, white, raw_f","Rice, white, raw_f","Rice, white, raw_f","Rice, white, grain, raw_d","Rice, white, raw_f","Rice, white, raw_f","Rice, white, raw_f","Rice, polished, raw_f","Rice, white, raw_f","Rice_c","Rice, white, raw_f"
"W","Ricebran Oil","Vegetable oil (50% sunflower, 30% maize, 20% peanut)_l","Vegetable oil (50% sunflower, 30% maize, 20% peanut)_l","Vegetable oil (50% sunflower, 30% maize, 20% peanut)_l","Vegetable oil (50% sunflower, 30% maize, 20% peanut)_l","Vegetable oil (50% sunflower, 30% maize, 20% peanut)_l","Vegetable oil_d","Vegetable oil (50% sunflower, 30% maize, 20% peanut)_l","Vegetable oil (50% sunflower, 30% maize, 20% peanut)_l","Vegetable oil (50% sunflower, 30% maize, 20% peanut)_l","Vegetable oil, blended, average_g","Vegetable oil (50% sunflower, 30% maize, 20% peanut)_l","Oil, vegetable, rice bran_e","Vegetable oil (50% sunflower, 30% maize, 20% peanut)_l"
"W","Roots, Other","Taro, tuber, raw_f","Taro, tuber, raw_f","Taro, tuber, raw_f","Taro, tuber, raw_f","Taro, tuber, raw_f","Taro, raw_d","Taro, tuber, raw_f","Taro, tuber, raw_f","Taro, tuber, raw_f","x_x","Taro, tuber, raw_f","Taro, tuber, raw_f","Taro, tuber, raw_f"
"W","Rye","Wheat, whole_l","Wheat, whole_l","Wheat, whole_l","Wheat, whole_l","Wheat, whole_l","Wheat, flour, whole grain_d","Wheat, whole_l","Wheat, flour, whole grain_d","Wheat flour, white_f","Wheat flour, white_f","Wheat, whole_l","Rye_e","Wheat flour, white_f"
"W","Sesameseed","Sesame seeds, raw_f","Sesame seeds, raw_f","Sesame seeds, raw_f","Sesame seeds, raw_f","Sesame seeds, raw_f","Sesame seed_d","Sesame seeds, raw_f","Sesame seed, dried, hulled_l","Sesame seeds, raw_f","x_x","Sesame seed, dried, hulled_l","Seeds, sesame seeds, whole, dried_e","Sesame seed, dried, hulled_l"
"W","Sesameseed Oil","Sesame oil_d","Sesame oil_d","Sesame oil_d","Sesame oil_d","Sesame oil_d","Sesame oil_d","Sesame oil_d","Sesame oil_d","Sesame oil_d","Sesame oil_g","Sesame oil_d","Oil, sesame, salad or cooking_e","Sesame oil_d"
"W","Sorghum","Sorghum, whole grain, raw_f","Sorghum, whole grain, raw_f","Sorghum, whole grain, raw_f","Sorghum, whole grain, raw_f","Sorghum, whole grain, raw_f","Sorghum Flour_j","Sorghum, whole grain, raw_f","Sorghum, whole grain, raw_f","Sorghum, whole grain, raw_f","Wheat flour, white_f","Sorghum, whole grain, raw_f","Sorghum, whole grain, raw_f","Sorghum, whole grain, raw_f"
"W","Soyabean Oil","Soybean oil_l","Soybean oil_l","Soybean oil_l","Soybean oil_l","Soybean oil_l","Vegetable oil_d","Soybean oil_l","Vegetable oil_d","Soya oil_k","Soya oil_g","Soybean oil_l","Oil, soybean, salad or cooking_e","Soya oil_k"
"W","Soyabeans","Soya bean, dried, raw_f","Soya bean, dried, raw_f","Soya bean, dried, raw_f","Soya bean, dried, raw_f","Soya bean, dried, raw_f","Soybean, yellow_d","Soya bean, dried, raw_f","Soya bean, dried, raw_f","Soya bean, dried, raw_f","Soya bean, dried, raw_f","Soya bean, dried, raw_f","Soya bean, dried, raw_f","Soya bean, dried, raw_f"
"W","Spices, Other","Turmeric, ground_l","Turmeric, ground_l","Turmeric, ground_l","Turmeric, ground_l","Turmeric, ground_l","x_x","Turmeric, ground_l","Turmeric, ground_l","Spices_k","x_x","Turmeric, ground_l","Spices, turmeric, ground_e","Spices_k"
"W","Sugar (Raw Equivalent)","Sugar, white_f","Sugar, white_f","Sugar, white_f","Sugar, white_f","Sugar, white_f","Sugar_j","Sugar, white_f","Sugar, white_f","Sugar, white_f","Sugar, white_f","Sugar, white_f","Sugar, white_f","Sugar, white_f"
"W","Sugar Beet","Beetroot, raw (flesh and skin)_l","Beetroot, raw (flesh and skin)_l","Beetroot, raw (flesh and skin)_l","Beetroot, raw (flesh and skin)_l","Beetroot, raw (flesh and skin)_l","x_x","Beetroot, raw (flesh and skin)_l","Beets, raw_e","Beets, raw_e","x_x","Beetroot, raw (flesh and skin)_l","Beets, raw_e","Beets, raw_e"
"W","Sugar Cane","Sugar cane_j","Sugar cane_j","Sugar cane_j","Sugar cane_j","Sugar cane_j","Sugar cane_j","Sugar cane_j","Sugarcane_d","Sugar cane_j","Sugar, white_f","Sugar cane_j","Sugar, white_f","Sugar cane_j"
"W","Sugar, Non-Centrifugal","Sugarcane juice_d","Sugarcane juice_d","Sugarcane juice_d","Sugarcane juice_d","Sugarcane juice_d","Sugarcane juice_d","Sugarcane juice_d","Sugarcane juice_d","Sugarcane juice_d","Sugar, white_f","Sugarcane juice_d","Sugar, white_f","Sugarcane juice_d"
"W","Sunflowerseed","Sunflower seed, dried_l","Sunflower seed, dried_l","Sunflower seed, dried_l","Sunflower seed, dried_l","Sunflower seed, dried_l","Sunflower seed_d","Sunflower seed, dried_l","Sunflower seed_d","Sunflower seed_d","x_x","Sunflower seed, dried_l","Seeds, sunflower seed kernels, dried_e","Sunflower seed_d"
"W","Sunflowerseed Oil","Sunflower oil_l","Sunflower oil_l","Sunflower oil_l","Sunflower oil_l","Sunflower oil_l","Vegetable oil_d","Sunflower oil_l","Sunflower oil_l","Sunflower oil_l","Sunflower oil_g","Sunflower oil_l","Oil, vegetable, sunflower, linoleic, (approx. 65%)_e","Sunflower oil_l"
"W","Sweet Potatoes","Sweet potato, raw_f","Sweet potato, raw_f","Sweet potato, raw_f","Sweet potato, raw_f","Sweet potato, raw_f","Sweet potato_j","Sweet potato, raw_f","Sweet potato, raw_f","Sweet potato, raw_f","Sweet potato, raw_f","Sweet potato, raw_f","Sweet potato, raw_f","Sweet potato, raw_f"
"W","Sweeteners, Other","Sweeteners, tabletop, fructose, dry, powder_e","Sweeteners, tabletop, fructose, dry, powder_e","Sweeteners, tabletop, fructose, dry, powder_e","Sweeteners, tabletop, fructose, dry, powder_e","Sweeteners, tabletop, fructose, dry, powder_e","x_x","Sweeteners, tabletop, fructose, dry, powder_e","Sweeteners, tabletop, fructose, dry, powder_e","Sweeteners, tabletop, fructose, dry, powder_e","x_x","Sweeteners, tabletop, fructose, dry, powder_e","Sweeteners, tabletop, fructose, dry, powder_e","Sweeteners, tabletop, fructose, dry, powder_e"
"W","Tea","Tea, infusion_f","Tea, infusion_f","Tea, infusion_f","Tea, infusion_f","Tea, infusion_f","Tea leaves_d","Tea, infusion_f","Tea, infusion_f","Tea, infusion_f","Tea, infusion_f","Tea, infusion_f","Tea, infusion_f","Tea, infusion_f"
"W","Tomatoes","Tomato, raw_f","Tomato, raw_f","Tomato, raw_f","Tomato, raw_f","Tomato, raw_f","Tomatoes_j","Tomato, raw_f","Tomato, raw_f","Tomato, raw_f","Tomato, raw_f","Tomato, raw_f","Tomato, raw_f","Tomato, raw_f"
"W","Vegetables, Other","Cabbage, raw_f","Cabbage, raw_f","Cabbage, raw_f","Cabbage, raw_f","Cabbage, raw_f","Cabbage, raw, green, white_d","Cabbage, raw_f","Cabbage, raw_f","Cabbage, raw_f","Cabbage, raw, average_g","Cabbage, raw_f","Cabbage, raw_f","Cabbage, raw_f"
"W","Wheat","Wheat flour, white_f","Wheat flour, white_f","Wheat flour, white_f","Wheat flour, white_f","Wheat flour, white_f","Wheat flour, white_j","Wheat flour, white_f","Wheat flour, white_f","Wheat flour, white_f","Wheat flour, white_f","Wheat flour, white_f","Wheat flour, white_f","Wheat flour, white_f"
"W","Wine","Wine, red/ white/ rose, dry/ semi-sweet/ sparkling (alc 12% v/v; 9.4% w/w)_l","Wine, red/ white/ rose, dry/ semi-sweet/ sparkling (alc 12% v/v; 9.4% w/w)_l","Wine, red/ white/ rose, dry/ semi-sweet/ sparkling (alc 12% v/v; 9.4% w/w)_l","Wine, red/ white/ rose, dry/ semi-sweet/ sparkling (alc 12% v/v; 9.4% w/w)_l","Wine, red/ white/ rose, dry/ semi-sweet/ sparkling (alc 12% v/v; 9.4% w/w)_l","Grape juice_d","Wine, red/ white/ rose, dry/ semi-sweet/ sparkling (alc 12% v/v; 9.4% w/w)_l","Wine, red/ white/ rose, dry/ semi-sweet/ sparkling (alc 12% v/v; 9.4% w/w)_l","Wine, red/ white/ rose, dry/ semi-sweet/ sparkling (alc 12% v/v; 9.4% w/w)_l","x_x","Wine, red/ white/ rose, dry/ semi-sweet/ sparkling (alc 12% v/v; 9.4% w/w)_l","Alcoholic beverage, wine, table, all_e","Wine, red/ white/ rose, dry/ semi-sweet/ sparkling (alc 12% v/v; 9.4% w/w)_l"
"W","Yams","Yam tuber, raw_f","Yam tuber, raw_f","Yam tuber, raw_f","Yam tuber, raw_f","Yam tuber, raw_f","Yam_j","Yam tuber, raw_f","Yam tuber, raw_f","Yam tuber, raw_f","x_x","Yam tuber, raw_f","Yam tuber, raw_f","Yam tuber, raw_f"
